Year,Month,NH,HATS_NH_CCl4_sd,HATS_SH_CCl4,HATS_SH_CCl4_sd,Global,HATS_Global_CCl4_sd,HATS_alt_CCl4,HATS_alt_CCl4_sd,HATS_sum_CCl4,HATS_sum_CCl4_sd,HATS_brw_CCl4,HATS_brw_CCl4_sd,HATS_mhd_CCl4,HATS_mhd_CCl4_sd,HATS_thd_CCl4,HATS_thd_CCl4_sd,HATS_nwr_CCl4,HATS_nwr_CCl4_sd,HATS_kum_CCl4,HATS_kum_CCl4_sd,HATS_mlo_CCl4,HATS_mlo_CCl4_sd,HATS_smo_CCl4,HATS_smo_CCl4_sd,HATS_cgo_CCl4,HATS_cgo_CCl4_sd,HATS_ush_CCl4,HATS_ush_CCl4_sd,HATS_psa_CCl4,HATS_psa_CCl4_sd,HATS_spo_CCl4,HATS_spo_CCl4_sd,HATS_CCl4_Programs
1988,3,108.837,0.973,nan,nan,nan,nan,nan,nan,nan,nan,108.102,1.079,nan,nan,nan,nan,nan,nan,nan,nan,109.004,0.947,104.702,0.75,nan,nan,nan,nan,nan,nan,nan,nan,10000
1988,4,108.589,0.735,nan,nan,nan,nan,nan,nan,nan,nan,108.969,1.148,nan,nan,nan,nan,nan,nan,nan,nan,108.503,0.603,104.747,0.57,nan,nan,nan,nan,nan,nan,nan,nan,10000
1988,5,108.322,0.701,nan,nan,nan,nan,nan,nan,nan,nan,108.588,0.984,nan,nan,nan,nan,nan,nan,nan,nan,108.261,0.619,104.343,0.475,nan,nan,nan,nan,nan,nan,nan,nan,10000
1988,6,108.278,0.496,nan,nan,nan,nan,nan,nan,nan,nan,107.613,0.701,nan,nan,nan,nan,nan,nan,nan,nan,108.429,0.437,104.277,0.45,nan,nan,nan,nan,nan,nan,nan,nan,10000
1988,7,108.431,0.546,nan,nan,nan,nan,nan,nan,nan,nan,107.931,0.808,nan,nan,nan,nan,nan,nan,nan,nan,108.544,0.466,104.144,0.484,nan,nan,nan,nan,nan,nan,nan,nan,10000
1988,8,108.412,0.56,nan,nan,nan,nan,nan,nan,nan,nan,108.451,0.603,nan,nan,nan,nan,nan,nan,nan,nan,108.403,0.55,103.615,0.606,nan,nan,nan,nan,nan,nan,nan,nan,10000
1988,9,108.364,0.644,nan,nan,nan,nan,nan,nan,nan,nan,108.48,0.453,nan,nan,nan,nan,nan,nan,nan,nan,108.338,0.68,103.688,0.591,nan,nan,nan,nan,nan,nan,nan,nan,10000
1988,10,108.204,0.696,nan,nan,nan,nan,nan,nan,nan,nan,108.484,0.479,nan,nan,nan,nan,nan,nan,nan,nan,108.141,0.736,104.679,0.564,nan,nan,nan,nan,nan,nan,nan,nan,10000
1988,11,108.373,0.717,nan,nan,nan,nan,nan,nan,nan,nan,108.825,0.566,nan,nan,nan,nan,nan,nan,nan,nan,108.27,0.747,105.682,0.42,nan,nan,nan,nan,nan,nan,nan,nan,10000
1988,12,108.7,0.701,nan,nan,nan,nan,nan,nan,nan,nan,109.368,0.756,nan,nan,nan,nan,nan,nan,nan,nan,108.549,0.688,106.185,0.761,nan,nan,nan,nan,nan,nan,nan,nan,10000
1989,1,108.61,0.862,nan,nan,nan,nan,nan,nan,nan,nan,109.662,1.285,nan,nan,nan,nan,nan,nan,nan,nan,108.372,0.733,106.557,0.523,nan,nan,nan,nan,nan,nan,nan,nan,10000
1989,2,108.417,0.444,nan,nan,nan,nan,nan,nan,nan,nan,109.647,0.742,nan,nan,nan,nan,nan,nan,nan,nan,108.138,0.341,106.568,0.406,nan,nan,nan,nan,nan,nan,nan,nan,10000
1989,3,108.608,0.478,105.901,0.652,107.254,0.808,nan,nan,nan,nan,109.937,0.746,nan,nan,nan,nan,nan,nan,nan,nan,108.306,0.392,106.322,0.595,nan,nan,nan,nan,nan,nan,102.768,0.977,10000
1989,4,108.637,0.534,105.999,0.602,107.318,0.805,nan,nan,nan,nan,110.219,0.659,nan,nan,nan,nan,nan,nan,nan,nan,108.278,0.502,106.374,0.493,nan,nan,nan,nan,nan,nan,103.21,1.118,10000
1989,5,108.866,0.521,105.858,0.481,107.362,0.709,nan,nan,nan,nan,111.004,0.694,nan,nan,nan,nan,nan,nan,nan,nan,108.381,0.473,106.243,0.503,nan,nan,nan,nan,nan,nan,102.991,0.251,10000
1989,6,109.029,0.451,105.644,0.533,107.336,0.698,nan,nan,nan,nan,111.434,0.746,nan,nan,nan,nan,nan,nan,nan,nan,108.483,0.352,105.909,0.561,nan,nan,nan,nan,nan,nan,103.671,0.221,10000
1989,7,108.801,0.435,105.445,0.519,107.123,0.677,nan,nan,nan,nan,110.966,0.73,nan,nan,nan,nan,nan,nan,nan,nan,108.311,0.334,105.762,0.505,nan,nan,nan,nan,nan,nan,103.089,0.617,10000
1989,8,108.572,0.361,105.557,0.452,107.064,0.579,nan,nan,nan,nan,110.502,0.528,nan,nan,nan,nan,nan,nan,nan,nan,108.134,0.311,105.864,0.399,nan,nan,nan,nan,nan,nan,103.272,0.737,10000
1989,9,108.805,0.365,105.776,0.375,107.29,0.523,nan,nan,nan,nan,111.351,0.571,nan,nan,nan,nan,nan,nan,nan,nan,108.228,0.299,105.997,0.391,nan,nan,nan,nan,nan,nan,104.127,0.217,10000
1989,10,109.007,0.421,106.174,0.428,107.59,0.6,nan,nan,nan,nan,112.043,0.763,nan,nan,nan,nan,nan,nan,nan,nan,108.318,0.293,106.301,0.445,nan,nan,nan,nan,nan,nan,105.226,0.267,10000
1989,11,109.005,0.47,106.268,0.499,107.636,0.685,nan,nan,nan,nan,112.151,0.933,nan,nan,nan,nan,nan,nan,nan,nan,108.291,0.271,106.499,0.49,nan,nan,nan,nan,nan,nan,104.546,0.561,10000
1989,12,109.065,0.45,106.496,0.718,107.78,0.847,nan,nan,nan,nan,112.919,0.919,nan,nan,nan,nan,nan,nan,nan,nan,108.191,0.237,106.797,0.558,nan,nan,nan,nan,nan,nan,104.256,1.426,10000
1990,1,109.054,0.481,106.726,0.521,107.89,0.709,nan,nan,nan,nan,113.646,1.006,nan,nan,nan,nan,nan,nan,nan,nan,108.013,0.233,106.962,0.528,nan,nan,nan,nan,nan,nan,104.968,0.473,10000
1990,2,108.994,0.86,107.033,0.596,108.014,1.046,nan,nan,nan,nan,114.009,0.999,nan,nan,nan,nan,108.728,1.225,nan,nan,108.073,0.255,107.104,0.614,nan,nan,nan,nan,nan,nan,106.509,0.431,10000
1990,3,109.099,0.835,107.139,0.598,108.119,1.027,nan,nan,nan,nan,113.312,0.955,nan,nan,nan,nan,109.379,1.094,nan,nan,107.916,0.493,107.249,0.619,nan,nan,nan,nan,nan,nan,106.324,0.407,10000
1990,4,108.747,0.622,107.144,0.45,107.945,0.768,nan,nan,nan,nan,112.507,0.449,nan,nan,nan,nan,108.873,0.86,nan,nan,107.792,0.378,107.258,0.466,nan,nan,nan,nan,nan,nan,106.296,0.306,10000
1990,5,108.548,0.66,106.911,0.45,107.729,0.799,nan,nan,nan,nan,111.939,0.576,nan,nan,nan,nan,108.303,0.905,nan,nan,107.978,0.383,106.977,0.372,nan,nan,nan,nan,nan,nan,106.423,0.824,10000
1990,6,108.462,0.62,106.764,0.341,107.613,0.708,nan,nan,nan,nan,111.979,0.372,nan,nan,nan,nan,107.797,0.783,nan,nan,108.204,0.506,106.762,0.353,nan,nan,nan,nan,nan,nan,106.781,0.24,10000
1990,7,108.213,0.707,106.671,0.356,107.442,0.791,nan,nan,nan,nan,111.633,0.436,nan,nan,nan,nan,107.704,1.008,nan,nan,107.85,0.387,106.667,0.368,nan,nan,nan,nan,nan,nan,106.707,0.248,10000
1990,8,108.05,0.626,106.714,0.437,107.382,0.764,nan,nan,nan,nan,111.305,0.767,nan,nan,nan,nan,107.571,0.782,nan,nan,107.701,0.412,106.741,0.457,nan,nan,nan,nan,nan,nan,106.514,0.235,10000
1990,9,108.496,0.618,106.796,0.446,107.646,0.763,nan,nan,nan,nan,111.338,0.543,nan,nan,nan,nan,108.338,0.842,nan,nan,107.979,0.37,106.82,0.466,nan,nan,nan,nan,nan,nan,106.619,0.257,10000
1990,10,108.716,0.527,107.012,0.57,107.864,0.776,nan,nan,nan,nan,111.761,0.251,nan,nan,nan,nan,108.702,0.718,nan,nan,108.037,0.364,107.038,0.599,nan,nan,nan,nan,nan,nan,106.819,0.268,10000
1990,11,108.838,0.597,107.161,0.983,108,1.15,nan,nan,nan,nan,112.195,0.54,nan,nan,nan,nan,108.996,0.687,nan,nan,107.949,0.526,107.208,1.044,nan,nan,nan,nan,nan,nan,106.818,0.197,10000
1990,12,108.615,0.723,107.464,1.08,108.039,1.3,nan,nan,nan,nan,112.801,0.846,nan,nan,nan,nan,108.418,0.938,nan,nan,107.826,0.436,107.551,1.133,nan,nan,nan,nan,nan,nan,106.814,0.534,10000
1991,1,108.529,0.679,107.81,0.684,108.169,0.964,nan,nan,nan,nan,113.348,1.119,nan,nan,nan,nan,108.363,0.811,nan,nan,107.571,0.348,107.917,0.705,nan,nan,nan,nan,nan,nan,107.012,0.506,10000
1991,2,108.383,0.802,108.061,0.428,108.222,0.909,nan,nan,nan,nan,113.119,1.23,nan,nan,nan,nan,108.39,1.029,nan,nan,107.304,0.332,108.172,0.438,nan,nan,nan,nan,nan,nan,107.234,0.338,10000
1991,3,108.456,0.688,107.75,0.379,108.103,0.786,nan,nan,nan,nan,112.263,0.863,nan,nan,nan,nan,108.449,0.894,nan,nan,107.599,0.385,107.815,0.395,nan,nan,nan,nan,nan,nan,107.272,0.218,10000
1991,4,108.865,0.606,107.37,0.398,108.118,0.725,nan,nan,nan,nan,111.697,0.813,nan,nan,nan,nan,108.926,0.683,nan,nan,108.173,0.468,107.406,0.416,nan,nan,nan,nan,nan,nan,107.107,0.22,10000
1991,5,108.974,0.633,107.264,0.414,108.119,0.756,nan,nan,nan,nan,111.387,0.903,nan,nan,nan,nan,109.153,0.713,nan,nan,108.281,0.469,107.288,0.435,nan,nan,nan,nan,nan,nan,107.083,0.198,10000
1991,6,108.679,0.705,107.203,0.364,107.941,0.794,nan,nan,nan,nan,111.155,0.88,nan,nan,nan,nan,108.8,0.952,nan,nan,108.02,0.32,107.204,0.378,nan,nan,nan,nan,nan,nan,107.198,0.244,10000
1991,7,108.237,0.632,107.092,0.356,107.664,0.725,nan,nan,nan,nan,110.813,0.832,nan,nan,nan,nan,108.253,0.802,nan,nan,107.639,0.366,107.075,0.371,nan,nan,nan,nan,nan,nan,107.217,0.208,10000
1991,8,108.148,0.432,106.947,0.34,107.547,0.55,nan,nan,nan,nan,110.487,0.871,nan,nan,nan,nan,108.345,0.259,nan,nan,107.457,0.393,106.929,0.356,nan,nan,nan,nan,nan,nan,107.082,0.192,10000
1991,9,108.036,0.678,106.966,0.284,107.501,0.735,nan,nan,nan,nan,110.343,0.974,nan,nan,nan,nan,108.18,0.909,nan,nan,107.397,0.226,106.951,0.291,nan,nan,nan,nan,nan,nan,107.082,0.221,10000
1991,10,108.115,0.682,107.103,0.28,107.609,0.738,nan,nan,nan,nan,110.759,1.083,nan,nan,nan,nan,108.235,0.879,nan,nan,107.419,0.237,107.096,0.288,nan,nan,nan,nan,nan,nan,107.161,0.216,10000
1991,11,108.277,0.487,107.071,0.28,107.674,0.562,nan,nan,nan,nan,111.321,0.919,nan,nan,nan,nan,108.552,0.537,nan,nan,107.363,0.242,107.064,0.286,nan,nan,nan,nan,nan,nan,107.118,0.238,10000
1991,12,108.168,0.47,107.001,0.419,107.584,0.63,nan,nan,nan,nan,111.702,0.896,nan,nan,nan,nan,108.367,0.52,nan,nan,107.205,0.221,106.964,0.437,nan,nan,nan,nan,nan,nan,107.275,0.244,10000
1992,1,107.982,0.404,107.437,0.271,107.71,0.486,nan,nan,nan,nan,111.792,0.952,nan,nan,nan,nan,107.974,0.327,nan,nan,107.125,0.2,107.423,0.249,nan,nan,nan,nan,nan,nan,107.544,0.396,10000
1992,2,107.935,0.492,107.939,0.555,107.937,0.742,nan,nan,nan,nan,111.527,0.853,nan,nan,nan,nan,107.887,0.392,nan,nan,107.16,0.45,108,0.578,nan,nan,nan,nan,nan,nan,107.481,0.346,10000
1992,3,107.88,0.505,107.867,0.415,107.873,0.654,nan,nan,nan,nan,111.117,0.902,nan,nan,nan,nan,108.021,0.305,nan,nan,107.031,0.51,107.976,0.433,nan,nan,nan,nan,nan,nan,107.052,0.238,10000
1992,4,107.738,0.462,107.48,0.325,107.609,0.565,nan,nan,nan,nan,110.905,0.749,nan,nan,nan,nan,108.064,0.35,nan,nan,106.756,0.457,107.591,0.319,nan,nan,nan,nan,nan,nan,106.66,0.371,10000
1992,5,107.827,0.423,107.392,0.281,107.609,0.508,nan,nan,nan,nan,110.949,0.72,nan,nan,nan,nan,108.12,0.297,nan,nan,106.881,0.419,107.486,0.276,nan,nan,nan,nan,nan,nan,106.688,0.317,10000
1992,6,107.876,0.397,107.414,0.282,107.645,0.487,nan,nan,nan,nan,110.672,0.629,nan,nan,nan,nan,108.059,0.291,nan,nan,107.093,0.404,107.477,0.288,nan,nan,nan,nan,nan,nan,106.95,0.238,10000
1992,7,107.681,0.43,107.476,0.22,107.579,0.483,nan,nan,nan,nan,110.307,0.671,nan,nan,nan,nan,107.923,0.395,nan,nan,106.89,0.384,107.541,0.216,nan,nan,nan,nan,nan,nan,106.992,0.243,10000
1992,8,107.523,0.374,107.452,0.29,107.488,0.473,nan,nan,nan,nan,110.043,0.639,nan,nan,nan,nan,107.897,0.238,nan,nan,106.649,0.383,107.556,0.296,nan,nan,nan,nan,nan,nan,106.682,0.236,10000
1992,9,107.5,0.409,107.383,0.337,107.442,0.53,nan,nan,nan,nan,110.115,0.59,nan,nan,nan,nan,107.911,0.314,nan,nan,106.574,0.427,107.508,0.346,nan,nan,nan,nan,nan,nan,106.457,0.256,10000
1992,10,107.544,0.377,107.174,0.317,107.359,0.493,nan,nan,nan,nan,110.335,0.605,nan,nan,nan,nan,108.127,0.264,nan,nan,106.437,0.387,107.254,0.314,nan,nan,nan,nan,nan,nan,106.579,0.342,10000
1992,11,107.57,0.405,107.175,0.377,107.372,0.553,nan,nan,nan,nan,110.715,0.602,nan,nan,nan,nan,108.236,0.378,nan,nan,106.315,0.369,107.251,0.382,nan,nan,nan,nan,nan,nan,106.608,0.34,10000
1992,12,107.572,0.403,107.317,0.394,107.445,0.564,nan,nan,nan,nan,111.039,0.639,nan,nan,nan,nan,108.096,0.397,nan,nan,106.36,0.331,107.413,0.412,nan,nan,nan,nan,nan,nan,106.605,0.231,10000
1993,1,107.434,0.386,107.296,0.404,107.365,0.559,nan,nan,nan,nan,111.086,0.631,nan,nan,nan,nan,107.787,0.28,nan,nan,106.32,0.387,107.399,0.407,nan,nan,nan,nan,nan,nan,106.528,0.375,10000
1993,2,107.347,0.378,107.254,0.45,107.3,0.587,nan,nan,nan,nan,111.005,0.645,nan,nan,nan,nan,107.683,0.315,nan,nan,106.244,0.34,107.356,0.459,nan,nan,nan,nan,nan,nan,106.493,0.375,10000
1993,3,107.312,0.424,107.425,0.395,107.369,0.579,nan,nan,nan,nan,110.848,0.52,nan,nan,nan,nan,107.687,0.424,nan,nan,106.207,0.398,107.581,0.397,nan,nan,nan,nan,nan,nan,106.261,0.381,10000
1993,4,107.134,0.379,107.15,0.426,107.142,0.57,nan,nan,nan,nan,110.75,0.484,nan,nan,nan,nan,107.435,0.355,nan,nan,106.069,0.371,107.292,0.429,nan,nan,nan,nan,nan,nan,106.094,0.4,10000
1993,5,107.036,0.46,106.651,0.458,106.844,0.649,nan,nan,nan,nan,110.397,0.563,nan,nan,nan,nan,107.124,0.522,nan,nan,106.203,0.372,106.744,0.452,nan,nan,nan,nan,nan,nan,105.959,0.498,10000
1993,6,107.001,0.527,106.357,0.425,106.679,0.677,nan,nan,nan,nan,110.041,0.574,nan,nan,nan,nan,106.86,0.431,nan,nan,106.426,0.584,106.416,0.407,nan,nan,nan,nan,nan,nan,105.915,0.536,10000
1993,7,106.788,0.398,106.494,0.32,106.641,0.511,nan,nan,nan,nan,109.286,0.483,nan,nan,nan,nan,106.721,0.435,nan,nan,106.275,0.342,106.579,0.303,nan,nan,nan,nan,nan,nan,105.864,0.424,10000
1993,8,106.503,0.332,106.672,0.374,106.588,0.5,nan,nan,nan,nan,108.549,0.231,nan,nan,nan,nan,106.527,0.356,nan,nan,106.02,0.332,106.766,0.381,nan,nan,nan,nan,nan,nan,105.969,0.313,10000
1993,9,106.551,0.716,106.823,0.431,106.687,0.836,nan,nan,nan,nan,108.515,0.288,nan,nan,nan,nan,106.461,0.977,nan,nan,106.178,0.501,106.927,0.443,nan,nan,nan,nan,nan,nan,106.049,0.33,10000
1993,10,106.676,0.939,106.21,0.297,106.443,0.985,nan,nan,nan,nan,108.881,0.303,nan,nan,nan,nan,106.39,1.421,nan,nan,106.409,0.373,106.24,0.287,nan,nan,nan,nan,nan,nan,105.987,0.361,10000
1993,11,106.664,0.848,105.779,0.755,106.221,1.135,nan,nan,nan,nan,108.455,0.382,nan,nan,nan,nan,106.438,1.27,nan,nan,106.441,0.349,105.762,0.795,nan,nan,nan,nan,nan,nan,105.905,0.313,10000
1993,12,106.549,0.56,105.762,0.709,106.155,0.903,nan,nan,nan,nan,107.66,1.111,nan,nan,nan,nan,106.44,0.501,nan,nan,106.386,0.394,105.773,0.744,nan,nan,nan,nan,nan,nan,105.676,0.353,10000
1994,1,106.304,0.472,106.052,0.675,106.178,0.824,nan,nan,nan,nan,107.535,0.812,nan,nan,nan,nan,106.19,0.437,nan,nan,106.116,0.385,106.16,0.716,nan,nan,nan,nan,nan,nan,105.249,0.18,10000
1994,2,106.098,0.395,106.047,0.612,106.072,0.729,nan,nan,nan,nan,107.693,0.544,nan,nan,nan,nan,105.932,0.386,nan,nan,105.87,0.36,106.167,0.648,nan,nan,nan,nan,nan,nan,105.149,0.191,10000
1994,3,106.06,0.401,106.133,0.548,106.097,0.679,nan,nan,nan,nan,108.078,0.616,nan,nan,nan,nan,105.826,0.357,nan,nan,105.793,0.372,106.225,0.577,nan,nan,nan,nan,nan,nan,105.448,0.24,10000
1994,4,106.074,0.404,106.036,0.479,106.055,0.627,nan,nan,nan,nan,107.832,0.687,nan,nan,nan,nan,105.836,0.366,nan,nan,105.869,0.342,106.128,0.507,nan,nan,nan,nan,nan,nan,105.35,0.156,10000
1994,5,105.989,0.387,105.781,0.431,105.885,0.579,nan,nan,nan,nan,107.391,0.633,nan,nan,nan,nan,105.654,0.331,nan,nan,105.942,0.354,105.893,0.454,nan,nan,nan,nan,nan,nan,104.947,0.183,10000
1994,6,105.908,0.387,105.498,0.456,105.703,0.598,nan,nan,nan,nan,106.96,0.503,nan,nan,nan,nan,105.727,0.344,nan,nan,105.816,0.389,105.607,0.479,nan,nan,nan,nan,nan,nan,104.687,0.226,10000
1994,7,105.885,0.465,105.444,0.443,105.664,0.642,nan,nan,nan,nan,106.972,0.609,nan,nan,nan,nan,105.942,0.527,nan,nan,105.592,0.361,105.527,0.462,nan,nan,nan,nan,nan,nan,104.82,0.269,10000
1994,8,105.748,0.435,105.665,0.642,105.707,0.776,nan,nan,nan,nan,106.614,0.461,nan,nan,nan,nan,105.912,0.477,nan,nan,105.419,0.392,105.779,0.677,nan,nan,nan,nan,nan,nan,104.822,0.252,10000
1994,9,105.639,0.4,105.865,0.893,105.752,0.978,nan,nan,nan,nan,106.562,0.45,nan,nan,nan,nan,105.626,0.376,nan,nan,105.44,0.407,106.034,0.947,nan,nan,nan,nan,nan,nan,104.606,0.24,10000
1994,10,105.618,0.418,105.75,0.87,105.684,0.965,nan,nan,nan,nan,106.561,0.496,nan,nan,nan,nan,105.537,0.352,nan,nan,105.47,0.446,105.925,0.923,nan,nan,nan,nan,nan,nan,104.446,0.202,10000
1994,11,105.691,0.52,105.789,0.904,105.74,1.043,nan,nan,nan,nan,106.663,0.614,nan,nan,nan,nan,105.711,0.639,nan,nan,105.454,0.368,105.957,0.959,nan,nan,nan,nan,nan,nan,104.54,0.232,10000
1994,12,105.575,0.487,105.622,0.731,105.598,0.878,nan,nan,nan,nan,106.64,0.538,nan,nan,nan,nan,105.675,0.57,nan,nan,105.251,0.393,105.754,0.771,nan,nan,nan,nan,nan,nan,104.637,0.276,10000
1995,1,105.404,0.437,105.582,0.86,105.493,0.965,nan,nan,nan,nan,106.541,0.516,nan,nan,nan,nan,105.515,0.42,nan,nan,105.057,0.431,105.732,0.909,nan,nan,nan,nan,nan,nan,104.465,0.305,10000
1995,2,105.232,0.444,105.56,0.599,105.396,0.745,nan,nan,nan,nan,106.614,0.521,nan,nan,nan,nan,105.193,0.483,nan,nan,104.95,0.388,105.731,0.63,nan,nan,nan,nan,nan,nan,104.288,0.271,10000
1995,3,105.158,0.609,105.744,0.49,105.451,0.781,nan,nan,nan,nan,106.393,0.598,nan,nan,nan,nan,105.066,0.593,nan,nan,104.953,0.624,105.948,0.508,nan,nan,nan,nan,nan,nan,104.225,0.32,10000
1995,4,105.037,0.362,105.696,0.732,105.367,0.817,nan,nan,nan,nan,105.798,0.486,nan,nan,nan,nan,104.953,0.217,nan,nan,104.933,0.418,105.904,0.777,nan,nan,nan,nan,nan,nan,104.151,0.185,10000
1995,5,105.016,0.362,105.7,1.006,105.358,1.069,nan,nan,nan,nan,105.486,0.416,nan,nan,nan,nan,104.889,0.22,nan,nan,105.012,0.435,105.946,1.069,nan,nan,nan,nan,nan,nan,103.868,0.183,10000
1995,6,105.056,0.297,105.539,0.776,105.298,0.831,nan,nan,nan,nan,105.806,0.522,nan,nan,nan,nan,104.857,0.305,nan,nan,105.048,0.206,105.787,0.814,nan,nan,nan,nan,nan,nan,103.695,0.4,10000
1995,7,104.966,0.31,105.32,0.815,105.143,0.872,nan,nan,nan,nan,105.943,0.448,nan,nan,nan,nan,104.759,0.372,nan,nan,104.913,0.196,105.543,0.866,nan,nan,nan,nan,nan,nan,103.655,0.171,10000
1995,8,104.801,0.267,104.953,0.674,104.877,0.725,nan,nan,nan,nan,105.703,0.31,nan,nan,nan,nan,104.635,0.324,nan,nan,104.732,0.197,105.127,0.715,nan,nan,nan,nan,nan,nan,103.663,0.163,10000
1995,9,104.802,0.257,104.328,0.684,104.565,0.731,nan,nan,nan,nan,105.446,0.407,nan,nan,nan,nan,104.654,0.268,nan,nan,104.775,0.197,104.415,0.725,nan,nan,nan,nan,nan,nan,103.676,0.195,11000
1995,10,104.946,0.291,103.752,0.414,104.349,0.507,nan,nan,nan,nan,105.408,0.35,nan,nan,nan,nan,104.844,0.279,nan,nan,104.924,0.286,104.163,0.425,103.248,0.428,nan,nan,nan,nan,103.622,0.204,11000
1995,11,105.393,0.38,103.971,0.496,104.682,0.624,nan,nan,nan,nan,105.651,0.392,nan,nan,nan,nan,104.871,0.416,106.31,0.417,104.843,0.3,104.536,0.578,103.326,0.41,nan,nan,nan,nan,103.533,0.186,11000
1995,12,105.031,0.372,104.048,0.371,104.539,0.525,nan,nan,nan,nan,105.829,0.435,nan,nan,nan,nan,104.781,0.298,105.52,0.468,104.565,0.294,104.805,0.481,103.156,0.141,nan,nan,nan,nan,103.606,0.362,11000
1996,1,104.807,0.434,103.745,0.45,104.276,0.625,nan,nan,nan,nan,105.999,0.614,nan,nan,nan,nan,104.592,0.423,105.03,0.499,104.487,0.305,104.497,0.468,102.794,0.414,nan,nan,nan,nan,103.693,0.508,11000
1996,2,104.933,0.419,103.642,0.481,104.288,0.638,nan,nan,nan,nan,106.067,0.844,nan,nan,nan,nan,104.538,0.26,105.4,0.386,104.528,0.41,104.298,0.607,102.788,0.208,nan,nan,nan,nan,103.736,0.555,11000
1996,3,105.007,0.345,103.676,0.405,104.342,0.532,nan,nan,nan,nan,105.909,0.74,nan,nan,nan,nan,104.486,0.268,105.642,0.274,104.592,0.323,104.187,0.509,103.035,0.23,nan,nan,nan,nan,103.612,0.329,11000
1996,4,104.898,0.443,103.535,0.429,104.217,0.616,nan,nan,nan,nan,105.419,0.384,nan,nan,nan,nan,104.318,0.274,105.598,0.566,104.552,0.425,104.013,0.462,102.924,0.408,nan,nan,nan,nan,103.541,0.252,11000
1996,5,104.816,0.378,103.314,0.482,104.065,0.612,105.007,0.74,nan,nan,105.203,0.427,nan,nan,nan,nan,104.175,0.304,105.528,0.423,104.518,0.319,103.827,0.605,102.649,0.289,nan,nan,nan,nan,103.376,0.322,11000
1996,6,104.79,0.563,103.297,0.66,104.043,0.868,105.049,0.485,nan,nan,105.167,0.447,nan,nan,nan,nan,104.164,0.34,105.456,0.83,104.523,0.378,103.775,0.819,102.71,0.44,nan,nan,nan,nan,103.154,0.326,11000
1996,7,104.694,0.382,103.21,0.422,103.952,0.569,105.34,0.431,nan,nan,104.992,0.355,nan,nan,nan,nan,103.979,0.408,105.278,0.423,104.564,0.311,103.648,0.49,102.699,0.344,nan,nan,nan,nan,102.935,0.26,11000
1996,8,104.646,0.524,103.076,0.402,103.861,0.66,104.139,0.324,nan,nan,104.527,0.455,nan,nan,nan,nan,103.897,0.373,105.35,0.752,104.625,0.353,103.6,0.457,102.453,0.345,nan,nan,nan,nan,102.805,0.224,11000
1996,9,104.677,0.534,102.959,0.638,103.818,0.832,104.001,0.425,nan,nan,104.366,0.547,nan,nan,nan,nan,103.974,0.3,105.425,0.759,104.635,0.398,103.509,0.79,102.277,0.431,nan,nan,nan,nan,102.835,0.27,11000
1996,10,104.544,0.439,102.81,0.66,103.677,0.793,104.545,0.26,nan,nan,104.493,0.245,nan,nan,nan,nan,103.975,0.362,104.999,0.565,104.562,0.397,103.233,0.619,102.258,0.736,nan,nan,nan,nan,102.868,0.463,11000
1996,11,104.293,0.468,102.773,0.456,103.533,0.654,104.745,0.913,nan,nan,104.694,0.583,nan,nan,nan,nan,103.854,0.384,104.539,0.53,104.27,0.362,103.183,0.514,102.239,0.401,nan,nan,nan,nan,102.833,0.262,11000
1996,12,104.19,0.356,102.813,0.429,103.502,0.558,104.725,0.298,nan,nan,104.771,0.286,nan,nan,nan,nan,103.806,0.366,104.534,0.343,103.978,0.379,103.336,0.479,102.182,0.379,nan,nan,nan,nan,102.594,0.298,11000
1997,1,104.086,0.36,102.797,0.344,103.441,0.498,104.441,0.196,nan,nan,104.739,0.315,nan,nan,nan,nan,103.668,0.232,104.611,0.474,103.719,0.333,103.394,0.396,102.074,0.27,nan,nan,nan,nan,102.564,0.31,11000
1997,2,104.008,0.427,102.778,0.367,103.393,0.563,104.128,0.208,nan,nan,104.498,0.43,nan,nan,nan,nan,103.481,0.356,104.695,0.467,103.628,0.451,103.263,0.365,102.197,0.391,nan,nan,nan,nan,102.555,0.214,11000
1997,3,104.065,0.525,102.864,0.44,103.465,0.685,103.799,0.306,nan,nan,104.189,0.517,nan,nan,nan,nan,103.405,0.343,104.884,0.771,103.779,0.323,103.359,0.569,102.301,0.233,nan,nan,nan,nan,102.464,0.204,11000
1997,4,104.092,0.427,102.694,0.325,103.393,0.536,103.873,0.306,nan,nan,104.145,0.573,nan,nan,nan,nan,103.55,0.203,104.864,0.623,103.77,0.255,103.156,0.374,102.181,0.265,nan,nan,nan,nan,102.248,0.245,11000
1997,5,104.009,0.416,102.558,0.358,103.283,0.549,103.981,0.381,nan,nan,104.142,0.402,nan,nan,nan,nan,103.496,0.291,104.625,0.526,103.781,0.382,102.914,0.414,102.171,0.298,nan,nan,nan,nan,102.165,0.197,11000
1997,6,103.747,0.367,102.467,0.378,103.107,0.527,104.192,0.533,nan,nan,103.998,0.427,nan,nan,nan,nan,103.264,0.401,104.191,0.323,103.598,0.346,102.837,0.437,102.053,0.311,nan,nan,nan,nan,102.131,0.219,11000
1997,7,103.572,0.433,102.265,0.337,102.918,0.549,104.128,0.66,nan,nan,103.741,0.432,nan,nan,nan,nan,103.045,0.357,103.998,0.563,103.482,0.292,102.743,0.355,101.676,0.327,nan,nan,nan,nan,102.134,0.252,11000
1997,8,103.476,0.278,102.072,0.478,102.774,0.553,103.651,0.228,nan,nan,103.575,0.388,nan,nan,nan,nan,103.075,0.284,103.895,0.275,103.343,0.247,102.42,0.575,101.635,0.356,nan,nan,nan,nan,102.024,0.258,11000
1997,9,103.597,0.443,102.076,0.309,102.837,0.54,103.493,0.226,nan,nan,103.475,0.29,nan,nan,nan,nan,102.99,0.418,104.282,0.353,103.444,0.57,102.322,0.329,101.801,0.298,nan,nan,nan,nan,101.849,0.213,11000
1997,10,103.62,0.392,102.102,0.449,102.861,0.596,103.534,0.357,nan,nan,103.391,0.543,nan,nan,nan,nan,103.035,0.292,104.415,0.482,103.362,0.319,102.35,0.6,101.859,0.158,nan,nan,nan,nan,101.663,0.226,11000
1997,11,103.561,0.346,101.962,0.443,102.761,0.562,103.322,0.249,nan,nan,103.211,0.675,nan,nan,nan,nan,103.023,0.264,104.204,0.325,103.456,0.322,102.202,0.42,101.718,0.5,nan,nan,nan,nan,101.596,0.182,11000
1997,12,103.371,0.397,101.843,0.425,102.607,0.582,103.279,0.617,nan,nan,103.006,0.783,nan,nan,nan,nan,103.046,0.258,103.762,0.405,103.337,0.318,102.215,0.5,101.429,0.342,nan,nan,nan,nan,101.487,0.193,11000
1998,1,103.373,0.507,101.977,0.532,102.675,0.735,103.399,0.227,nan,nan,103.165,0.589,nan,nan,nan,nan,102.884,0.49,104.113,0.636,103.076,0.35,102.444,0.32,101.461,0.744,nan,nan,nan,nan,101.513,0.235,11000
1998,2,103.431,0.426,102.185,0.443,102.808,0.615,103.172,0.515,nan,nan,103.57,0.468,nan,nan,nan,nan,102.752,0.42,104.409,0.47,102.997,0.362,102.553,0.505,101.828,0.386,nan,nan,nan,nan,101.528,0.178,11100
1998,3,103.36,0.567,101.851,0.427,102.606,0.71,102.733,0.225,nan,nan,103.695,0.455,nan,nan,nan,nan,102.526,0.349,104.13,0.753,103.25,0.538,102.056,0.444,101.646,0.438,nan,nan,nan,nan,101.527,0.116,11100
1998,4,103.077,0.39,101.445,0.354,102.261,0.527,102.571,1.214,nan,nan,103.46,0.388,nan,nan,nan,nan,102.298,0.301,103.478,0.296,103.269,0.379,101.779,0.367,101.001,0.365,nan,nan,nan,nan,101.545,0.103,11100
1998,5,102.942,0.396,101.403,0.329,102.173,0.515,102.847,0.483,nan,nan,103.278,0.699,nan,nan,nan,nan,102.186,0.23,103.27,0.353,103.161,0.439,101.837,0.327,100.818,0.356,nan,nan,nan,nan,101.58,0.088,11100
1998,6,102.945,0.371,101.533,0.335,102.239,0.5,103.121,0.292,nan,nan,103.206,0.285,nan,nan,nan,nan,102.298,0.306,103.293,0.495,103.047,0.291,101.891,0.396,101.094,0.271,nan,nan,nan,nan,101.425,0.08,11100
1998,7,102.973,0.252,101.278,0.403,102.126,0.475,102.651,0.246,nan,nan,102.976,0.204,nan,nan,nan,nan,102.397,0.337,103.496,0.202,102.948,0.226,101.539,0.424,100.949,0.408,nan,nan,nan,nan,101.251,0.086,11100
1998,8,102.875,0.603,101.092,0.296,101.984,0.672,102.447,0.891,nan,nan,102.593,0.18,nan,nan,nan,nan,102.488,0.312,103.366,0.929,102.802,0.338,101.313,0.32,100.782,0.287,nan,nan,nan,nan,101.254,0.107,11100
1998,9,102.723,0.322,100.957,0.256,101.84,0.411,102.466,0.396,nan,nan,102.435,0.163,nan,nan,nan,nan,102.392,0.23,103.102,0.424,102.702,0.284,101.205,0.203,100.576,0.324,nan,nan,nan,nan,101.322,0.127,11100
1998,10,102.657,0.297,101.253,0.255,101.955,0.392,102.134,0.267,nan,nan,102.38,0.176,nan,nan,nan,nan,102.297,0.265,103.034,0.253,102.682,0.377,101.466,0.284,100.979,0.229,nan,nan,nan,nan,101.262,0.148,11100
1998,11,102.86,0.303,101.366,0.663,102.113,0.729,101.828,0.791,nan,nan,102.294,0.128,103.39,0.257,nan,nan,102.347,0.363,103.029,0.24,102.661,0.305,101.643,0.271,101.083,0.99,nan,nan,nan,nan,100.955,0.101,11100
1998,12,102.566,0.353,101.283,0.167,101.925,0.391,102.143,0.679,nan,nan,102.252,0.19,102.91,0.296,nan,nan,102.17,0.439,102.666,0.314,102.464,0.362,101.671,0.138,100.886,0.207,nan,nan,nan,nan,100.714,0.089,11100
1999,1,102.336,0.411,101.103,0.169,101.719,0.444,102.302,0.513,nan,nan,102.253,0.152,102.82,0.239,nan,nan,101.744,0.318,102.283,0.707,102.277,0.239,101.653,0.134,100.495,0.212,nan,nan,nan,nan,100.557,0.113,11100
1999,2,102.206,0.336,100.988,0.438,101.597,0.552,101.971,0.906,nan,nan,102.045,0.147,102.23,0.157,nan,nan,101.556,0.309,102.529,0.431,102.441,0.348,101.571,0.114,100.344,0.673,nan,nan,nan,nan,100.407,0.091,11100
1999,3,102.279,0.304,100.938,0.198,101.609,0.363,101.695,0.287,nan,nan,101.908,0.079,102.447,0.152,nan,nan,101.613,0.332,102.645,0.209,102.38,0.485,101.407,0.155,100.471,0.25,nan,nan,nan,nan,100.174,0.131,11100
1999,4,102.182,0.245,100.845,0.27,101.514,0.365,101.708,0.269,nan,nan,101.849,0.075,102.646,0.22,nan,nan,101.511,0.199,102.218,0.251,102.221,0.317,101.181,0.318,100.52,0.189,nan,nan,nan,nan,100.241,0.288,11100
1999,5,101.936,0.311,100.694,0.412,101.315,0.516,101.672,0.371,nan,nan,101.695,0.073,102.344,0.184,nan,nan,101.349,0.319,102.025,0.161,101.884,0.511,101.06,0.433,100.291,0.414,nan,nan,nan,nan,100.312,0.151,11100
1999,6,101.616,0.448,100.331,0.163,100.974,0.477,101.412,0.375,nan,nan,101.417,0.107,101.802,0.394,nan,nan,101.076,0.253,101.865,0.695,101.636,0.37,100.805,0.144,99.734,0.19,nan,nan,nan,nan,100.279,0.126,11100
1999,7,101.35,0.22,100.283,0.204,100.816,0.3,101.089,0.213,nan,nan,101.18,0.08,101.7,0.205,nan,nan,100.85,0.214,101.414,0.214,101.312,0.267,100.746,0.145,99.731,0.259,nan,nan,nan,nan,100.048,0.217,11100
1999,8,101.255,0.289,100.146,0.143,100.701,0.322,101.066,0.29,nan,nan,100.96,0.092,101.727,0.209,nan,nan,100.692,0.271,101.121,0.279,101.333,0.406,100.517,0.138,99.714,0.11,nan,nan,nan,nan,99.899,0.278,11100
1999,9,101.36,0.311,99.97,0.177,100.665,0.358,101.16,0.258,nan,nan,100.942,0.072,101.711,0.223,nan,nan,100.845,0.329,101.53,0.346,101.277,0.384,100.258,0.141,99.633,0.207,nan,nan,nan,nan,99.783,0.225,11100
1999,10,101.329,0.254,99.911,0.254,100.62,0.359,101.021,0.237,nan,nan,101.036,0.074,101.6,0.222,nan,nan,100.899,0.218,101.515,0.186,101.242,0.377,100.1,0.171,99.714,0.341,nan,nan,nan,nan,99.657,0.163,11100
1999,11,101.276,0.308,100.003,0.144,100.64,0.34,100.886,0.176,nan,nan,101.109,0.265,101.66,0.326,nan,nan,100.69,0.278,101.438,0.327,101.179,0.308,100.187,0.124,99.852,0.172,nan,nan,nan,nan,99.503,0.096,11100
1999,12,101.209,0.33,100.081,0.201,100.645,0.386,101.074,0.539,nan,nan,101.2,0.548,101.624,0.274,nan,nan,100.442,0.283,101.336,0.251,101.191,0.4,100.384,0.159,99.808,0.255,nan,nan,nan,nan,99.414,0.089,11100
2000,1,101.126,0.338,99.984,0.229,100.555,0.408,101.171,0.891,nan,nan,101.488,0.229,101.378,0.228,nan,nan,100.329,0.313,101.377,0.36,101.117,0.377,100.349,0.151,99.625,0.309,nan,nan,nan,nan,99.363,0.142,11100
2000,2,100.935,0.34,99.791,0.224,100.363,0.408,100.993,0.733,nan,nan,101.521,0.558,101.123,0.195,nan,nan,100.136,0.29,101.19,0.341,100.951,0.396,100.141,0.219,99.451,0.235,nan,nan,nan,nan,99.167,0.201,11100
2000,3,100.705,0.265,99.591,0.313,100.148,0.41,100.508,0.204,nan,nan,101.308,0.322,101.03,0.226,nan,nan,99.945,0.307,100.757,0.191,100.739,0.321,99.966,0.334,99.232,0.298,nan,nan,nan,nan,98.892,0.223,11100
2000,4,100.637,0.397,99.328,0.427,99.983,0.583,100.333,0.98,nan,nan,101.161,0.319,100.999,0.185,nan,nan,99.779,0.25,100.782,0.528,100.641,0.455,99.764,0.478,98.884,0.385,nan,nan,nan,nan,98.68,0.206,11100
2000,5,100.689,0.327,98.932,0.303,99.81,0.446,100.396,0.162,nan,nan,101.212,0.612,100.921,0.202,nan,nan,99.87,0.414,100.948,0.269,100.708,0.346,99.119,0.18,98.752,0.424,nan,nan,nan,nan,98.585,0.144,11100
2000,6,100.575,0.384,98.634,0.706,99.604,0.803,100.651,0.353,nan,nan,101.059,0.109,100.784,0.227,nan,nan,99.959,0.344,100.574,0.513,100.695,0.456,98.756,0.308,98.493,1.046,nan,nan,nan,nan,98.539,0.168,11100
2000,7,100.434,0.319,98.56,0.326,99.497,0.456,100.354,0.286,nan,nan,100.758,0.386,100.686,0.25,nan,nan,100.004,0.373,100.268,0.371,100.565,0.278,98.782,0.201,98.297,0.45,nan,nan,nan,nan,98.437,0.181,11100
2000,8,100.353,0.252,98.42,0.237,99.387,0.346,100.173,0.341,nan,nan,100.421,0.102,100.613,0.249,nan,nan,99.959,0.31,100.346,0.202,100.352,0.262,98.795,0.248,97.952,0.228,nan,nan,nan,nan,98.358,0.197,11100
2000,9,100.34,0.244,98.389,0.401,99.364,0.47,99.989,0.159,nan,nan,100.417,0.31,100.488,0.272,nan,nan,99.981,0.335,100.412,0.112,100.385,0.2,98.695,0.224,98.017,0.57,nan,nan,nan,nan,98.283,0.179,11100
2000,10,100.386,0.26,98.428,0.248,99.407,0.359,99.857,0.178,nan,nan,100.491,0.189,100.412,0.252,nan,nan,99.911,0.261,100.629,0.259,100.521,0.288,98.705,0.215,98.114,0.291,nan,nan,nan,nan,98.202,0.19,11100
2000,11,100.46,0.326,98.557,0.171,99.509,0.368,99.805,0.283,nan,nan,100.646,0.388,100.445,0.268,nan,nan,100.056,0.319,100.757,0.294,100.53,0.409,98.784,0.109,98.341,0.22,nan,nan,nan,nan,98.129,0.211,11100
2000,12,100.472,0.313,98.672,0.149,99.572,0.347,100.078,0.398,nan,nan,100.675,0.093,100.423,0.247,nan,nan,100.088,0.301,100.867,0.27,100.441,0.437,98.884,0.09,98.496,0.199,nan,nan,nan,nan,98.112,0.16,11100
2001,1,100.299,0.351,98.572,0.317,99.436,0.473,100.138,0.443,nan,nan,100.636,0.17,100.227,0.308,nan,nan,99.839,0.425,100.619,0.477,100.385,0.152,98.911,0.099,98.232,0.481,nan,nan,nan,nan,98.029,0.12,11100
2001,2,100.056,0.322,98.368,0.272,99.212,0.422,99.864,0.361,nan,nan,100.311,0.393,100.031,0.274,nan,nan,99.638,0.299,100.157,0.482,100.286,0.096,98.831,0.342,97.837,0.17,nan,nan,nan,nan,98.01,0.146,11100
2001,3,99.874,0.294,98.076,0.16,98.975,0.335,99.632,0.198,nan,nan,100.16,0.268,99.831,0.248,nan,nan,99.646,0.44,99.785,0.336,100.159,0.113,98.743,0.108,97.446,0.206,nan,nan,97.04,0.147,97.908,0.185,11100
2001,4,99.938,0.228,97.969,0.142,98.953,0.269,99.656,0.196,nan,nan,100.049,0.131,100.043,0.218,nan,nan,99.625,0.314,99.91,0.204,100.087,0.199,98.432,0.096,97.652,0.165,nan,nan,96.779,0.247,97.658,0.134,11100
2001,5,99.888,0.376,97.831,0.27,98.859,0.463,99.803,0.305,nan,nan,99.961,0.188,100.105,0.64,nan,nan,99.462,0.23,99.922,0.164,99.914,0.123,98.166,0.147,97.676,0.389,nan,nan,96.664,0.228,97.507,0.139,11100
2001,6,99.628,0.205,97.701,0.229,98.665,0.307,99.738,0.243,nan,nan,99.747,0.093,99.744,0.227,nan,nan,99.255,0.217,99.791,0.237,99.585,0.13,97.971,0.086,97.593,0.335,nan,nan,96.562,0.256,97.553,0.153,11100
2001,7,99.321,0.268,97.596,0.169,98.459,0.317,99.552,0.211,nan,nan,99.427,0.127,99.363,0.25,nan,nan,99.094,0.229,99.574,0.186,99.154,0.39,97.946,0.097,97.34,0.221,nan,nan,96.666,0.239,97.496,0.147,11100
2001,8,99.318,0.283,97.537,0.398,98.427,0.488,99.37,0.289,nan,nan,99.119,0.119,99.57,0.382,nan,nan,99.011,0.252,99.658,0.302,98.948,0.115,97.727,0.134,97.5,0.612,nan,nan,96.673,0.295,97.265,0.143,11100
2001,9,99.416,0.262,97.545,0.165,98.48,0.31,99.196,0.289,nan,nan,99.071,0.136,99.547,0.385,nan,nan,99.098,0.176,99.889,0.247,99.132,0.123,97.744,0.115,97.558,0.181,nan,nan,96.437,0.301,97.191,0.181,1100
2001,10,99.442,0.169,97.387,0.326,98.415,0.367,98.83,0.252,nan,nan,99.076,0.134,99.331,0.161,nan,nan,99.128,0.153,100.048,0.212,99.371,0.137,97.774,0.102,97.177,0.504,nan,nan,96.157,0.19,97.069,0.191,1100
2001,11,99.384,0.209,97.27,0.62,98.327,0.655,98.87,0.194,nan,nan,98.948,0.109,99.243,0.197,nan,nan,99.09,0.147,100.016,0.325,99.315,0.117,97.682,0.097,97.017,0.997,nan,nan,96.139,0.195,96.907,0.088,1100
2001,12,99.252,0.258,97.283,0.234,98.267,0.348,99.08,0.298,nan,nan,99.035,0.144,99.218,0.201,nan,nan,99.016,0.221,99.701,0.411,99.103,0.14,97.495,0.115,97.29,0.328,nan,nan,96.21,0.296,96.826,0.137,1100
2002,1,99.041,0.217,97.337,0.195,98.189,0.292,98.973,0.385,nan,nan,99.065,0.212,99.035,0.176,nan,nan,98.88,0.265,99.365,0.268,98.856,0.122,97.602,0.106,97.269,0.282,nan,nan,96.294,0.164,96.9,0.086,1100
2002,2,98.915,0.247,97.335,0.355,98.125,0.432,98.77,0.244,nan,nan,98.983,0.126,98.968,0.118,nan,nan,98.739,0.277,99.198,0.404,98.707,0.129,97.695,0.09,97.148,0.551,nan,nan,96.314,0.281,96.855,0.122,1100
2002,3,98.924,0.255,97.101,0.184,98.012,0.315,98.677,0.237,nan,nan,98.778,0.103,98.95,0.332,99.165,0.224,98.714,0.241,99.202,0.233,98.647,0.223,97.449,0.078,96.922,0.219,nan,nan,96.048,0.373,96.694,0.215,1100
2002,4,98.729,0.344,96.843,0.211,97.786,0.404,98.567,0.236,nan,nan,98.635,0.119,98.793,0.186,98.749,0.543,98.535,0.255,99.015,0.509,98.54,0.127,97.17,0.261,96.641,0.161,nan,nan,95.971,0.14,96.537,0.077,1100
2002,5,98.544,0.175,96.604,0.166,97.574,0.241,98.285,0.22,nan,nan,98.44,0.147,98.565,0.163,98.417,0.218,98.286,0.187,98.872,0.198,98.547,0.105,96.923,0.099,96.378,0.178,nan,nan,95.821,0.377,96.397,0.095,1100
2002,6,98.445,0.193,96.604,0.194,97.524,0.273,98.236,0.274,nan,nan,98.309,0.126,98.418,0.15,98.593,0.143,98.215,0.12,98.448,0.33,98.594,0.131,96.785,0.136,96.609,0.167,nan,nan,95.593,0.492,96.325,0.121,1100
2002,7,98.264,0.326,96.497,0.231,97.381,0.4,98.033,0.284,nan,nan,98.15,0.133,98.333,0.142,98.345,0.556,98.131,0.105,98.112,0.495,98.421,0.123,96.706,0.098,96.485,0.322,nan,nan,95.367,0.35,96.246,0.097,1100
2002,8,98.155,0.176,96.364,0.142,97.259,0.226,98.089,0.225,nan,nan,97.918,0.142,98.174,0.143,98.126,0.173,98.072,0.101,98.184,0.266,98.249,0.15,96.549,0.079,96.355,0.152,nan,nan,95.488,0.334,95.996,0.082,1100
2002,9,98.283,0.237,96.299,0.405,97.291,0.469,97.734,0.178,nan,nan,97.763,0.136,98.013,0.191,98.155,0.269,98.29,0.1,98.727,0.372,98.447,0.187,96.471,0.463,96.311,0.312,nan,nan,95.488,0.564,95.83,0.103,1100
2002,10,98.359,0.235,96.383,0.255,97.371,0.347,97.373,0.264,nan,nan,97.794,0.135,98.061,0.203,98.374,0.191,98.392,0.116,98.66,0.407,98.614,0.135,96.618,0.111,96.382,0.37,nan,nan,95.384,0.142,95.732,0.295,1100
2002,11,98.39,0.391,96.393,0.293,97.392,0.489,97.556,0.189,nan,nan,97.99,0.15,98.434,0.314,98.226,0.177,98.215,0.118,98.663,0.779,98.504,0.134,96.783,0.125,96.208,0.44,nan,nan,95.412,0.241,95.643,0.103,1100
2002,12,98.247,0.212,96.287,0.317,97.267,0.382,97.643,0.195,nan,nan,98.06,0.159,98.308,0.272,98.064,0.125,98.011,0.125,98.635,0.294,98.218,0.14,96.87,0.32,95.867,0.355,nan,nan,95.332,0.197,95.425,0.093,1100
2003,1,97.932,0.243,96.149,0.345,97.041,0.422,97.645,0.66,nan,nan,98.054,0.101,97.709,0.353,97.697,0.15,97.894,0.162,98.353,0.233,98.013,0.109,96.8,0.447,95.598,0.22,nan,nan,95.281,0.19,95.456,0.147,1100
2003,2,97.683,0.156,96.089,0.493,96.886,0.517,97.631,0.291,nan,nan,97.976,0.112,97.453,0.174,97.525,0.156,97.847,0.125,97.776,0.19,97.811,0.096,96.731,0.688,95.557,0.175,nan,nan,95.087,0.144,95.491,0.08,1100
2003,3,97.647,0.263,96.025,0.394,96.836,0.474,97.666,0.175,nan,nan,97.847,0.168,97.459,0.439,97.496,0.209,97.754,0.149,97.836,0.205,97.682,0.106,96.67,0.545,95.478,0.105,nan,nan,95.011,0.311,95.514,0.108,1100
2003,4,97.499,0.274,95.95,0.443,96.725,0.521,97.254,0.2,nan,nan,97.707,0.134,97.274,0.239,97.485,0.124,97.654,0.446,97.555,0.352,97.59,0.115,96.752,0.557,95.257,0.338,nan,nan,94.692,0.146,95.388,0.097,1100
2003,5,97.431,0.164,95.758,0.276,96.594,0.321,97.23,0.137,nan,nan,97.67,0.126,97.11,0.146,97.403,0.234,97.602,0.114,97.476,0.202,97.64,0.11,96.359,0.349,95.269,0.135,nan,nan,94.598,0.203,95.39,0.337,1100
2003,6,97.406,0.184,95.606,0.482,96.506,0.516,97.155,0.218,nan,nan,97.592,0.151,97.212,0.222,97.236,0.194,97.51,0.1,97.619,0.231,97.471,0.112,96.015,0.63,95.305,0.312,nan,nan,94.624,0.138,95.376,0.136,1100
2003,7,97.174,0.152,95.557,0.487,96.365,0.51,97.043,0.139,nan,nan,97.346,0.16,97.127,0.155,96.979,0.21,97.103,0.108,97.484,0.151,97.11,0.117,96.038,0.647,95.129,0.183,nan,nan,94.711,0.135,95.387,0.554,1100
2003,8,96.988,0.252,95.499,0.526,96.244,0.583,96.832,0.123,nan,nan,96.961,0.183,96.996,0.227,96.796,0.282,96.923,0.38,97.111,0.243,97.081,0.127,96.134,0.659,94.894,0.402,nan,nan,94.551,0.131,95.335,0.242,1100
2003,9,97.047,0.199,95.287,0.475,96.167,0.515,96.474,0.281,nan,nan,96.778,0.166,96.928,0.236,96.798,0.259,97.081,0.15,97.186,0.188,97.345,0.118,95.793,0.659,94.786,0.148,nan,nan,94.522,0.134,95.272,0.288,1100
2003,10,97.079,0.339,95.222,0.493,96.151,0.598,96.288,0.174,nan,nan,96.825,0.213,96.822,0.61,96.828,0.23,97.342,0.192,97.317,0.163,97.283,0.117,95.681,0.68,94.773,0.179,nan,nan,94.536,0.287,95.174,0.115,1100
2003,11,96.957,0.307,95.295,0.348,96.126,0.464,96.365,0.208,nan,nan,96.938,0.319,96.837,0.186,96.778,0.468,97.326,0.217,97.116,0.245,96.851,0.38,95.853,0.478,94.775,0.127,nan,nan,94.45,0.126,95.079,0.206,1100
2003,12,96.813,0.245,95.232,0.313,96.023,0.398,96.628,0.181,nan,nan,97.018,0.198,96.749,0.244,96.761,0.17,96.907,0.3,96.91,0.281,96.735,0.224,95.76,0.422,94.774,0.156,nan,nan,94.388,0.141,94.894,0.134,1100
2004,1,96.692,0.329,95.058,0.282,95.875,0.433,96.574,0.22,nan,nan,97.033,0.112,96.665,0.144,96.629,0.244,96.537,0.676,96.826,0.277,96.7,0.186,95.488,0.301,94.674,0.209,nan,nan,94.398,0.199,94.803,0.494,1100
2004,2,96.486,0.247,95.005,0.185,95.746,0.309,96.256,0.202,nan,nan,96.883,0.375,96.322,0.274,96.483,0.127,96.588,0.222,96.518,0.342,96.514,0.128,95.476,0.21,94.569,0.141,nan,nan,94.304,0.233,94.794,0.154,1100
2004,3,96.414,0.185,94.907,0.194,95.661,0.268,96.103,0.247,nan,nan,96.781,0.183,96.146,0.208,96.349,0.17,96.739,0.205,96.421,0.19,96.479,0.127,95.506,0.233,94.335,0.15,nan,nan,94.092,0.175,94.672,0.107,1100
2004,4,96.447,0.167,94.836,0.241,95.642,0.293,96.148,0.166,nan,nan,96.724,0.139,96.104,0.156,96.405,0.164,96.604,0.237,96.587,0.171,96.616,0.101,95.512,0.299,94.199,0.171,nan,nan,93.886,0.172,94.55,0.156,1100
2004,5,96.469,0.169,94.698,0.342,95.583,0.382,96.302,0.26,nan,nan,96.576,0.153,96.261,0.158,96.424,0.193,96.513,0.152,96.724,0.201,96.469,0.127,95.323,0.475,94.178,0.157,94.35,0.246,93.783,0.185,94.577,0.141,1100
2004,6,96.305,0.197,94.577,0.238,95.441,0.309,96.336,0.243,95.854,0.173,96.362,0.179,96.391,0.179,96.257,0.188,96.298,0.263,96.451,0.219,96.174,0.132,95.099,0.306,94.125,0.159,94.36,0.174,93.822,0.181,94.463,0.181,1100
2004,7,96.177,0.182,94.507,0.263,95.342,0.32,96.219,0.16,95.642,0.139,96.111,0.172,96.317,0.238,96.125,0.182,96.215,0.193,96.345,0.156,95.97,0.118,95.004,0.345,94.095,0.124,94.33,0.267,93.767,0.248,94.271,0.125,1100
2004,8,96.11,0.318,94.506,0.193,95.308,0.372,95.832,0.303,95.57,0.151,95.852,0.148,96.113,0.191,96.121,0.207,96.216,0.663,96.41,0.219,95.908,0.205,94.966,0.202,94.14,0.182,nan,nan,93.651,0.219,94.153,0.149,1100
2004,9,96.012,0.226,94.317,0.266,95.165,0.349,95.335,0.415,95.513,0.141,95.68,0.102,95.992,0.201,95.918,0.335,96.204,0.159,96.362,0.28,95.852,0.115,94.733,0.271,93.921,0.249,nan,nan,93.722,0.382,94.178,0.147,1100
2004,10,95.902,0.277,94.206,0.38,95.054,0.471,94.884,0.275,95.412,0.341,95.615,0.1,96.077,0.268,95.425,0.314,96.096,0.244,96.169,0.386,95.9,0.124,94.64,0.469,93.735,0.303,nan,nan,93.823,0.157,94.131,0.139,1100
2004,11,95.932,0.301,94.359,0.297,95.146,0.423,95.116,0.134,95.42,0.217,95.728,0.411,96.058,0.398,95.453,0.233,96.128,0.192,96.256,0.39,95.905,0.12,94.836,0.314,93.908,0.302,nan,nan,93.745,0.239,94.097,0.148,1100
2004,12,96.012,0.262,94.488,0.381,95.25,0.463,95.436,0.174,95.53,0.186,95.905,0.097,96.042,0.226,95.768,0.228,96.012,0.22,96.597,0.211,95.765,0.412,95.072,0.386,93.951,0.427,nan,nan,93.737,0.164,94.082,0.169,1100
2005,1,95.881,0.21,94.338,0.3,95.11,0.367,95.69,0.54,95.539,0.197,95.949,0.1,95.824,0.204,95.805,0.204,95.737,0.247,96.563,0.225,95.526,0.123,95.026,0.214,93.67,0.414,nan,nan,93.546,0.135,93.965,0.163,1100
2005,2,95.67,0.274,94.255,0.304,94.963,0.409,95.576,0.339,95.348,0.211,95.768,0.119,95.538,0.137,95.643,0.418,95.456,0.198,96.348,0.413,95.41,0.126,94.919,0.358,93.72,0.238,nan,nan,93.116,0.317,93.664,0.165,1100
2005,3,95.526,0.209,94.226,0.426,94.876,0.474,95.423,0.286,95.134,0.29,95.635,0.093,95.397,0.248,95.541,0.106,95.313,0.216,96.044,0.261,95.398,0.125,94.957,0.236,93.701,0.615,nan,nan,92.796,0.173,93.388,0.364,1100
2005,4,95.52,0.367,93.935,0.225,94.727,0.43,95.474,0.246,95.253,0.239,95.488,0.107,95.467,0.298,95.553,0.531,95.243,0.25,96.01,0.553,95.363,0.115,94.623,0.254,93.523,0.137,93.47,0.261,92.663,0.272,93.28,0.285,1100
2005,5,95.456,0.306,93.731,0.32,94.594,0.443,95.639,0.842,95.349,0.289,95.438,0.18,95.43,0.382,95.313,0.371,95.167,0.185,95.979,0.28,95.323,0.118,94.251,0.395,93.24,0.228,94.12,0.269,92.796,0.346,93.169,0.151,1100
2005,6,95.288,0.253,93.43,0.341,94.359,0.424,95.464,0.221,95.029,0.109,95.357,0.114,95.257,0.236,95.185,0.365,94.983,0.144,95.783,0.357,95.183,0.118,93.845,0.467,93.122,0.177,93.27,0.192,92.696,0.148,93.172,0.256,1100
2005,7,95.017,0.267,93.338,0.392,94.177,0.474,95.17,0.246,94.687,0.136,95.251,0.14,94.991,0.203,94.833,0.547,94.713,0.158,95.493,0.218,94.973,0.116,93.738,0.549,92.947,0.176,93.5,0.215,92.62,0.253,93.166,0.139,1100
2005,8,94.874,0.29,93.334,0.296,94.104,0.414,94.844,0.234,94.619,0.235,94.943,0.153,94.872,0.215,94.687,0.567,94.64,0.182,95.308,0.231,94.825,0.194,93.729,0.204,93.057,0.411,nan,nan,92.49,0.151,92.923,0.155,1100
2005,9,94.772,0.261,93.339,0.407,94.056,0.484,94.513,0.303,94.382,0.173,94.696,0.116,94.717,0.389,94.528,0.188,94.535,0.211,95.28,0.284,94.844,0.121,93.987,0.58,92.792,0.142,93.19,0.229,92.553,0.179,92.785,0.248,1100
2005,10,94.79,0.306,93.232,0.312,94.011,0.437,94.298,0.338,94.26,0.232,94.607,0.097,94.888,0.156,94.593,0.596,94.593,0.314,95.02,0.258,94.952,0.147,93.858,0.409,92.67,0.178,nan,nan,92.342,0.182,92.809,0.167,1100
2005,11,94.832,0.284,93.223,0.418,94.028,0.505,94.408,0.312,94.141,0.205,94.738,0.318,94.717,0.339,94.851,0.179,94.641,0.333,95.227,0.327,94.931,0.163,93.876,0.489,92.621,0.339,nan,nan,92.302,0.347,92.868,0.306,1100
2005,12,94.773,0.319,93.178,0.277,93.976,0.422,94.036,0.159,94.1,0.252,94.797,1.071,94.525,0.249,94.896,0.294,94.635,0.266,95.339,0.212,94.743,0.153,93.91,0.244,92.495,0.327,nan,nan,92.304,0.201,92.65,0.253,1100
2006,1,94.41,0.209,93.096,0.191,93.753,0.284,93.636,0.476,94.068,0.226,94.68,0.163,94.047,0.225,94.608,0.176,94.116,0.288,95.007,0.153,94.44,0.14,93.902,0.106,92.26,0.247,93.34,0.205,92.273,0.254,92.498,0.211,1100
2006,2,94.109,0.283,93.016,0.442,93.562,0.525,93.327,0.417,93.911,0.209,94.479,0.14,94.029,0.319,94.356,0.282,93.73,0.232,94.216,0.388,94.246,0.131,93.763,0.615,92.344,0.2,93,0.35,92.133,0.179,92.346,0.16,1100
2006,3,94.044,0.321,92.903,0.174,93.474,0.365,93.659,0.179,93.621,0.948,94.364,0.259,93.9,0.245,94.41,0.438,93.561,0.183,94.176,0.266,94.249,0.149,93.601,0.157,92.305,0.195,92.928,0.171,91.872,0.191,92.276,0.146,1100
2006,4,94.095,0.203,92.757,0.178,93.426,0.27,93.985,0.174,93.79,0.26,94.291,0.164,94.167,0.168,94.112,0.237,93.634,0.189,94.236,0.268,94.251,0.137,93.446,0.143,92.181,0.21,nan,nan,91.738,0.239,92.09,0.119,1100
2006,5,94.032,0.24,92.646,0.236,93.339,0.337,94.106,0.29,93.876,0.226,94.265,0.266,94.096,0.224,93.941,0.309,93.589,0.248,94.312,0.273,94.078,0.11,93.293,0.128,92.121,0.339,nan,nan,91.666,0.209,91.951,0.136,1100
2006,6,93.898,0.204,92.551,0.302,93.225,0.365,93.925,0.216,93.591,0.197,94.136,0.111,93.919,0.29,93.892,0.17,93.504,0.189,94.238,0.186,93.864,0.132,93.102,0.413,92.203,0.161,92.35,0.207,91.515,0.173,91.901,0.119,1100
2006,7,93.723,0.218,92.412,0.281,93.067,0.355,93.648,0.18,93.268,0.14,93.9,0.293,93.672,0.269,93.802,0.264,93.477,0.228,94.028,0.176,93.683,0.102,92.83,0.325,92.165,0.257,92.46,0.215,91.311,0.234,91.865,0.163,1100
2006,8,93.516,0.219,92.28,0.276,92.898,0.352,93.389,0.306,93.347,0.195,93.62,0.181,93.561,0.269,93.405,0.18,93.516,0.218,93.59,0.26,93.499,0.106,92.709,0.295,92.061,0.309,92.11,0.146,91.214,0.142,91.768,0.165,1100
2006,9,93.433,0.167,92.184,0.248,92.808,0.299,93.3,0.211,93.341,0.233,93.476,0.15,93.38,0.153,93.282,0.15,93.55,0.206,93.492,0.18,93.487,0.128,92.698,0.312,91.854,0.203,92.02,0.13,91.133,0.147,91.664,0.152,1100
2006,10,93.466,0.193,92.143,0.307,92.805,0.362,93.418,0.155,93.467,0.25,93.508,0.266,93.328,0.197,93.336,0.24,93.548,0.196,93.641,0.178,93.501,0.109,92.654,0.415,91.8,0.139,92.08,0.237,91.101,0.269,91.566,0.165,1100
2006,11,93.478,0.194,92.161,0.231,92.819,0.301,93.285,0.572,93.396,0.206,93.602,0.104,93.231,0.143,93.529,0.173,93.535,0.215,93.706,0.233,93.481,0.14,92.687,0.265,91.798,0.189,nan,nan,91.047,0.248,91.564,0.135,1100
2006,12,93.443,0.211,92.144,0.236,92.794,0.316,92.936,0.237,93.528,0.26,93.582,0.317,93.311,0.205,93.501,0.188,93.483,0.219,93.668,0.238,93.304,0.147,92.669,0.218,91.821,0.243,92.03,0.34,90.953,0.228,91.58,0.108,1100
2007,1,93.29,0.229,92.081,0.348,92.686,0.417,92.743,0.222,93.189,0.46,93.423,0.409,93.168,0.145,93.334,0.299,93.3,0.224,93.556,0.184,93.176,0.15,92.712,0.453,91.577,0.218,nan,nan,90.985,0.194,91.518,0.141,1100
2007,2,93.113,0.266,91.99,0.247,92.552,0.363,92.659,0.384,92.871,0.37,93.324,0.171,92.992,0.345,93.03,0.269,93.057,0.249,93.454,0.235,93.082,0.142,92.788,0.21,91.323,0.297,91.83,0.311,90.938,0.135,91.315,0.154,1100
2007,3,92.975,0.301,91.947,0.248,92.461,0.39,92.762,0.215,92.713,0.241,93.204,0.151,92.61,0.318,93.133,0.246,92.877,0.326,93.36,0.423,93.027,0.164,92.829,0.226,91.186,0.29,nan,nan,90.768,0.222,91.105,0.137,1100
2007,4,92.937,0.262,91.666,0.174,92.301,0.315,92.807,0.236,92.786,0.151,92.886,0.473,92.754,0.205,92.986,0.194,92.901,0.198,93.282,0.355,92.869,0.266,92.521,0.167,91.029,0.149,91.12,0.25,90.583,0.223,90.988,0.157,1100
2007,5,92.818,0.254,91.5,0.208,92.159,0.329,92.696,0.313,92.509,0.551,92.638,0.107,92.61,0.193,92.822,0.167,92.888,0.188,93.173,0.385,92.784,0.166,92.192,0.208,90.842,0.192,91.84,0.305,90.344,0.187,90.937,0.126,1100
2007,6,92.692,0.232,91.303,0.182,91.998,0.294,92.654,0.213,92.302,0.309,92.588,0.097,92.547,0.278,92.715,0.261,92.766,0.2,92.946,0.236,92.652,0.151,91.906,0.126,90.746,0.203,91.65,0.285,90.098,0.233,90.862,0.135,1100
2007,7,92.572,0.246,91.112,0.189,91.842,0.311,92.699,0.232,92.212,0.151,92.594,0.117,92.348,0.335,92.687,0.225,92.608,0.243,92.767,0.24,92.6,0.164,91.628,0.117,90.697,0.248,nan,nan,90.144,0.27,90.733,0.107,1100
2007,8,92.47,0.243,90.983,0.251,91.727,0.35,92.4,0.434,92.154,0.14,92.23,0.172,92.375,0.294,92.329,0.201,92.57,0.204,92.608,0.247,92.612,0.236,91.487,0.291,90.657,0.191,90.566,0.346,90.155,0.154,90.654,0.132,1100
2007,9,92.356,0.236,90.957,0.233,91.656,0.332,92.022,0.22,92.017,0.144,91.809,0.189,92.186,0.21,92.192,0.216,92.414,0.203,92.57,0.195,92.667,0.346,91.479,0.261,90.529,0.201,nan,nan,90.036,0.273,90.559,0.103,1100
2007,10,92.336,0.283,90.961,0.284,91.648,0.401,91.939,0.174,91.94,0.16,91.503,0.171,92.168,0.212,92.13,0.271,92.485,0.237,92.539,0.217,92.699,0.459,91.586,0.28,90.416,0.317,nan,nan,90.016,0.23,90.502,0.101,1100
2007,11,92.259,0.308,90.911,0.159,91.585,0.347,91.984,0.247,91.896,0.139,91.509,0.169,92.035,0.29,92.109,0.3,92.43,0.184,92.48,0.337,92.577,0.422,91.476,0.11,90.513,0.197,90.66,0.22,89.999,0.168,90.375,0.095,1100
2007,12,92.182,0.226,90.927,0.241,91.554,0.33,91.97,0.37,91.825,0.128,91.561,0.166,91.975,0.284,92.138,0.243,92.295,0.176,92.368,0.208,92.438,0.192,91.407,0.265,90.621,0.238,nan,nan,89.987,0.16,90.148,0.091,1100
2008,1,92.002,0.223,90.871,0.166,91.436,0.278,91.795,0.167,91.728,0.122,91.53,0.14,91.754,0.191,92.074,0.144,92.002,0.285,92.179,0.279,92.264,0.228,91.38,0.117,90.602,0.184,90.65,0.211,89.921,0.283,89.997,0.108,1100
2008,2,91.876,0.257,90.758,0.143,91.317,0.294,91.609,0.173,91.574,0.103,91.352,0.142,91.552,0.305,91.879,0.166,92.117,0.376,92.113,0.17,92.057,0.251,91.271,0.112,90.396,0.152,nan,nan,89.887,0.256,89.994,0.127,1100
2008,3,91.707,0.202,90.583,0.223,91.145,0.301,91.456,0.216,91.391,0.103,91.306,0.133,91.434,0.256,91.71,0.219,92.105,0.175,91.892,0.218,91.725,0.132,91.031,0.118,90.299,0.305,90.484,0.299,89.675,0.219,90.034,0.094,1100
2008,4,91.68,0.281,90.414,0.25,91.047,0.376,91.514,0.181,91.25,0.145,91.268,0.744,91.462,0.263,91.704,0.215,92.072,0.344,91.831,0.213,91.67,0.165,90.912,0.101,90.132,0.368,90.04,0.285,89.488,0.226,89.905,0.11,1100
2008,5,91.666,0.191,90.342,0.215,91.004,0.288,91.572,0.268,91.156,0.174,91.163,0.268,91.436,0.135,91.729,0.222,91.932,0.106,91.863,0.216,91.728,0.224,90.799,0.108,90.074,0.276,nan,nan,89.141,0.393,89.807,0.102,1100
2008,6,91.576,0.256,90.012,0.225,90.794,0.341,91.426,0.259,91.045,0.13,91.018,0.467,91.264,0.245,91.643,0.233,91.856,0.233,91.793,0.246,91.728,0.268,90.509,0.121,89.806,0.161,89.43,0.283,88.792,0.655,89.699,0.109,1100
2008,7,91.395,0.233,89.875,0.177,90.635,0.292,91.191,0.189,90.914,0.088,90.869,0.296,91.128,0.228,91.437,0.256,91.653,0.199,91.546,0.247,91.578,0.239,90.179,0.119,89.741,0.218,nan,nan,88.679,0.273,89.686,0.123,1100
2008,8,91.145,0.285,89.62,0.201,90.383,0.349,90.954,0.3,90.791,0.102,90.574,0.316,90.788,0.389,91.18,0.209,91.426,0.095,91.394,0.236,91.317,0.344,89.966,0.123,89.477,0.249,89.23,0.262,88.652,0.296,89.511,0.113,1100
2008,9,90.964,0.279,89.45,0.154,90.207,0.319,90.718,0.224,90.718,0.14,90.436,0.227,90.617,0.314,90.859,0.263,91.265,0.334,91.19,0.222,91.212,0.284,89.775,0.122,89.258,0.166,89.27,0.232,88.61,0.185,89.34,0.102,1100
2008,10,90.884,0.216,89.289,0.194,90.087,0.29,90.742,0.356,90.846,0.135,90.426,0.178,90.548,0.18,90.667,0.224,91.259,0.131,91.036,0.2,91.151,0.308,89.623,0.131,89.066,0.166,89.24,0.433,88.388,0.224,89.157,0.108,1100
2008,11,90.897,0.291,89.318,0.179,90.107,0.342,90.712,0.566,91.001,0.118,90.395,0.189,90.66,0.411,90.789,0.262,91.173,0.127,91.036,0.281,91.028,0.239,89.687,0.132,89.094,0.21,nan,nan,88.262,0.29,89.022,0.119,1100
2008,12,90.75,0.258,89.332,0.237,90.041,0.351,90.68,0.736,90.929,0.117,90.255,0.203,90.443,0.212,90.811,0.366,90.923,0.222,90.848,0.219,90.933,0.216,89.821,0.131,88.993,0.275,89.28,0.38,88.32,0.381,88.834,0.093,1100
2009,1,90.563,0.315,89.331,0.22,89.947,0.385,90.524,0.216,90.613,0.114,90.125,0.116,90.323,0.392,90.524,0.525,90.652,0.147,90.57,0.204,90.909,0.231,89.817,0.139,89.01,0.304,89.08,0.167,88.56,0.273,88.797,0.106,1100
2009,2,90.449,0.246,89.324,0.314,89.886,0.399,90.221,0.318,90.397,0.135,90.013,0.106,90.311,0.267,90.346,0.301,90.495,0.138,90.466,0.287,90.78,0.225,89.724,0.131,89.071,0.481,nan,nan,88.458,0.145,88.756,0.117,1100
2009,3,90.369,0.195,89.15,0.143,89.76,0.242,89.893,0.457,90.247,0.132,89.965,0.095,90.329,0.205,90.346,0.21,90.34,0.125,90.47,0.19,90.525,0.211,89.599,0.128,88.857,0.168,nan,nan,88.186,0.132,88.567,0.083,1100
2009,4,90.268,0.196,88.894,0.21,89.581,0.287,90.163,0.481,90.124,0.128,89.848,0.085,90.23,0.231,90.234,0.189,90.24,0.105,90.376,0.237,90.394,0.142,89.348,0.151,88.562,0.261,88.916,0.283,88.033,0.215,88.35,0.08,1100
2009,5,90.235,0.21,88.795,0.186,89.515,0.281,89.998,0.208,90.011,0.119,89.656,0.154,90.167,0.196,90.255,0.202,90.177,0.102,90.416,0.278,90.373,0.245,89.16,0.129,88.555,0.246,89.02,0.211,87.817,0.179,88.211,0.08,1100
2009,6,90.045,0.207,88.622,0.215,89.333,0.298,89.638,0.202,89.881,0.105,89.461,0.397,89.786,0.134,90.18,0.195,90.1,0.093,90.231,0.219,90.241,0.285,88.968,0.158,88.44,0.288,nan,nan,87.742,0.178,88.056,0.077,1100
2009,7,89.724,0.28,88.416,0.189,89.07,0.338,89.557,0.182,89.725,0.285,89.333,0.076,89.489,0.314,89.832,0.325,89.904,0.107,89.807,0.348,89.81,0.252,88.85,0.202,88.025,0.189,88.62,0.194,87.72,0.17,87.92,0.071,1100
2009,8,89.573,0.232,88.334,0.281,88.954,0.365,89.596,0.182,89.617,0.104,89.199,0.088,89.422,0.29,89.467,0.168,89.799,0.283,89.61,0.226,89.703,0.2,88.764,0.224,87.91,0.373,88.59,0.229,87.74,0.186,87.874,0.186,1100
2009,9,89.672,0.23,88.325,0.271,88.999,0.356,89.386,0.254,89.597,0.103,89.108,0.07,89.505,0.222,89.643,0.352,89.707,0.092,89.887,0.173,89.836,0.282,88.681,0.249,87.999,0.293,88.73,0.253,87.61,0.168,87.756,0.386,1100
2009,10,89.725,0.231,88.293,0.184,89.009,0.295,89.307,0.24,89.626,0.1,89.097,0.335,89.516,0.156,89.728,0.277,89.553,0.126,90.135,0.341,89.921,0.189,88.638,0.197,88.075,0.177,nan,nan,87.706,0.192,87.63,0.086,1100
2009,11,89.684,0.225,88.332,0.227,89.008,0.32,89.623,0.276,89.654,0.097,89.12,0.095,89.608,0.29,89.65,0.256,89.392,0.11,90.061,0.257,89.805,0.169,88.611,0.187,88.151,0.22,88.567,0.119,87.75,0.521,87.602,0.101,1100
2009,12,89.555,0.272,88.354,0.206,88.955,0.341,89.28,0.203,89.462,0.11,89.069,0.102,89.536,0.333,89.523,0.211,89.323,0.159,89.848,0.325,89.658,0.3,88.668,0.19,88.162,0.237,88.39,0.214,87.854,0.194,87.621,0.079,1100
2010,1,89.449,0.242,88.204,0.215,88.826,0.324,88.716,0.461,89.292,0.278,89.135,0.124,89.354,0.226,89.492,0.212,89.271,0.174,89.701,0.194,89.6,0.337,88.433,0.232,88.038,0.21,88.544,0.205,87.689,0.225,87.522,0.075,1100
2010,2,89.304,0.322,87.999,0.337,88.652,0.466,88.438,0.373,89.177,0.108,89.032,0.188,89.085,0.488,89.29,0.238,89.186,0.174,89.685,0.199,89.477,0.354,88.237,0.188,87.93,0.474,nan,nan,87.338,0.384,87.353,0.084,1100
2010,3,89.2,0.254,87.928,0.204,88.564,0.326,88.989,0.232,89.253,0.098,88.856,0.165,88.939,0.37,89.255,0.201,89.021,0.125,89.55,0.229,89.368,0.258,88.167,0.168,87.926,0.252,nan,nan,86.978,0.214,87.192,0.081,1100
2010,4,89.197,0.237,87.904,0.218,88.551,0.322,89.159,0.27,89.32,0.136,88.747,0.167,89.086,0.233,89.35,0.238,88.84,0.104,89.477,0.294,89.305,0.279,88.243,0.18,87.794,0.255,87.99,0.312,86.857,0.16,87.035,0.088,1100
2010,5,89.115,0.216,87.74,0.238,88.427,0.321,89.184,0.207,89.279,0.289,88.718,0.233,88.861,0.214,89.307,0.194,88.777,0.103,89.351,0.158,89.371,0.309,88.072,0.182,87.603,0.31,87.962,0.257,86.706,0.159,86.858,0.142,1100
2010,6,88.858,0.204,87.579,0.251,88.219,0.324,88.91,0.124,89.078,0.409,88.51,0.135,88.537,0.158,88.909,0.236,88.658,0.097,89.062,0.172,89.213,0.267,88.01,0.232,87.341,0.302,nan,nan,86.65,0.144,86.762,0.113,1100
2010,7,88.701,0.214,87.534,0.188,88.118,0.285,88.832,0.258,88.666,0.292,88.394,0.092,88.479,0.165,88.697,0.211,88.518,0.098,88.835,0.15,89.066,0.348,88.029,0.197,87.242,0.187,nan,nan,86.532,0.189,86.64,0.114,1100
2010,8,88.683,0.214,87.424,0.187,88.053,0.284,88.661,0.269,88.178,0.427,88.277,0.158,88.591,0.171,88.652,0.186,88.473,0.096,88.858,0.284,89.021,0.209,87.892,0.14,87.173,0.241,nan,nan,86.399,0.192,86.518,0.106,1100
2010,9,88.689,0.191,87.275,0.19,87.982,0.27,88.27,0.243,87.874,0.108,88.094,0.129,88.467,0.112,88.774,0.172,88.524,0.108,88.939,0.197,89.134,0.313,87.723,0.206,87.014,0.182,nan,nan,86.36,0.188,86.458,0.097,1100
2010,10,88.582,0.263,87.246,0.283,87.914,0.386,88.049,0.311,87.879,0.152,87.972,0.089,88.367,0.296,88.499,0.362,88.479,0.109,88.786,0.276,89.139,0.236,87.798,0.332,86.836,0.24,nan,nan,86.396,0.234,86.443,0.101,1100
2010,11,88.374,0.263,87.192,0.254,87.783,0.366,88.288,0.15,87.89,0.243,88.059,0.108,88.266,0.269,88.311,0.195,88.353,0.134,88.461,0.329,88.674,0.335,87.757,0.278,86.776,0.24,nan,nan,86.291,0.252,86.389,0.106,1100
2010,12,88.305,0.223,87.125,0.243,87.715,0.329,88.44,0.304,87.897,0.107,88.11,0.129,88.289,0.262,88.323,0.173,88.152,0.119,88.488,0.266,88.373,0.246,87.62,0.195,86.766,0.315,nan,nan,86.312,0.174,86.413,0.099,1100
2011,1,88.225,0.26,86.984,0.166,87.604,0.309,88.207,0.254,87.768,0.221,88.035,0.151,88.112,0.29,88.333,0.198,88.027,0.147,88.546,0.233,88.26,0.369,87.371,0.174,86.707,0.167,nan,nan,86.349,0.167,86.405,0.085,1100
2011,2,88.063,0.213,86.906,0.301,87.484,0.368,88.23,0.296,87.638,0.266,87.946,0.128,87.931,0.253,88.145,0.222,87.958,0.166,88.285,0.173,88.127,0.211,87.251,0.195,86.75,0.424,nan,nan,86.044,0.202,86.182,0.117,1100
2011,3,87.917,0.261,86.675,0.266,87.296,0.373,87.83,0.594,87.555,0.108,87.7,0.145,87.786,0.382,88.124,0.188,87.88,0.135,88.091,0.187,87.908,0.256,87.035,0.182,86.552,0.362,nan,nan,85.564,0.188,85.92,0.203,1100
2011,4,87.802,0.279,86.437,0.26,87.12,0.381,87.437,0.183,87.508,0.199,87.545,0.3,87.678,0.139,87.991,0.402,87.719,0.183,88.049,0.245,87.786,0.384,86.948,0.309,86.085,0.212,nan,nan,85.39,0.213,85.817,0.108,1100
2011,5,87.613,0.195,86.212,0.188,86.912,0.271,87.409,0.365,87.445,0.097,87.527,0.129,87.494,0.134,87.78,0.256,87.563,0.099,87.817,0.205,87.541,0.251,86.757,0.167,85.761,0.228,nan,nan,85.263,0.139,85.807,0.092,1100
2011,6,87.487,0.19,86.211,0.316,86.849,0.369,87.664,0.204,87.38,0.121,87.537,0.105,87.343,0.163,87.666,0.193,87.361,0.104,87.611,0.191,87.502,0.279,86.809,0.419,85.701,0.162,nan,nan,85.286,0.234,85.739,0.09,1100
2011,7,87.353,0.198,86.081,0.394,86.717,0.441,87.496,0.153,87.199,0.142,87.278,0.11,87.193,0.156,87.44,0.299,87.141,0.09,87.525,0.188,87.52,0.241,86.692,0.44,85.556,0.39,nan,nan,85.152,0.198,85.598,0.091,1100
2011,8,87.2,0.2,85.941,0.243,86.57,0.315,87.245,0.189,87.031,0.217,87.099,0.108,87.051,0.203,87.059,0.197,87.184,0.101,87.398,0.212,87.369,0.255,86.587,0.324,85.391,0.114,nan,nan,84.939,0.16,85.43,0.141,1100
2011,9,87.117,0.216,85.857,0.383,86.487,0.44,86.967,0.211,86.995,0.492,86.912,0.102,87.015,0.22,86.908,0.124,87.331,0.11,87.187,0.183,87.256,0.279,86.447,0.505,85.413,0.223,nan,nan,84.751,0.233,85.253,0.102,1100
2011,10,87.144,0.208,85.895,0.349,86.519,0.406,86.867,0.266,87.095,0.43,86.904,0.124,87.054,0.223,86.944,0.211,87.303,0.144,87.251,0.167,87.272,0.204,86.391,0.425,85.552,0.255,nan,nan,84.909,0.224,85.268,0.301,1100
2011,11,87.191,0.231,85.777,0.204,86.484,0.308,87.062,0.372,87.224,0.422,87.04,0.14,87.218,0.148,86.973,0.146,87.26,0.194,87.357,0.255,87.15,0.306,86.315,0.166,85.34,0.249,nan,nan,84.907,0.22,85.267,0.127,1100
2011,12,87.122,0.241,85.76,0.431,86.441,0.494,86.963,0.24,87.038,0.115,87.124,0.145,86.951,0.323,87.041,0.201,87.337,0.219,87.357,0.246,87.024,0.19,86.312,0.24,85.341,0.629,nan,nan,84.705,0.171,85.244,0.303,1100
2012,1,86.83,0.267,85.668,0.247,86.249,0.363,86.942,0.139,86.86,0.549,86.93,0.142,86.507,0.151,86.858,0.312,87.092,0.194,86.932,0.184,86.862,0.38,86.295,0.294,85.19,0.2,nan,nan,84.41,0.211,85.155,0.093,1100
2012,2,86.64,0.24,85.602,0.252,86.121,0.348,86.799,0.163,86.71,0.277,86.729,0.187,86.362,0.226,86.581,0.176,86.725,0.263,86.856,0.228,86.703,0.297,86.286,0.246,85.045,0.272,nan,nan,84.35,0.282,85.116,0.095,1100
2012,3,86.534,0.234,85.43,0.299,85.982,0.38,86.544,0.481,86.626,0.599,86.658,0.127,86.318,0.135,86.412,0.185,86.61,0.11,86.619,0.315,86.708,0.186,86.155,0.384,84.745,0.193,nan,nan,84.55,0.214,84.978,0.111,1100
2012,4,86.496,0.314,85.35,0.299,85.923,0.434,86.419,0.133,86.529,0.428,86.593,0.132,86.257,0.291,86.384,0.175,86.695,0.565,86.502,0.208,86.697,0.235,85.93,0.404,84.858,0.126,nan,nan,84.437,0.149,84.888,0.207,1100
2012,5,86.499,0.227,85.336,0.316,85.917,0.389,86.788,0.287,86.513,0.114,86.637,0.112,86.217,0.204,86.473,0.277,86.593,0.086,86.618,0.268,86.62,0.271,85.901,0.338,84.94,0.298,nan,nan,84.191,0.371,84.675,0.127,1100
2012,6,86.467,0.184,85.28,0.351,85.873,0.397,86.599,0.163,86.33,0.369,86.625,0.12,86.175,0.134,86.503,0.204,86.367,0.176,86.719,0.148,86.618,0.214,85.868,0.183,84.877,0.518,nan,nan,84.156,0.242,84.472,0.141,1100
2012,7,86.277,0.315,85.081,0.507,85.679,0.597,86.059,0.264,86.034,0.128,86.435,0.122,85.955,0.286,86.423,0.311,86.154,0.102,86.561,0.505,86.422,0.279,85.694,0.594,84.578,0.461,nan,nan,84.296,0.264,84.298,0.116,1100
2012,8,86.121,0.221,84.879,0.265,85.5,0.345,85.865,0.365,85.944,0.457,86.207,0.195,85.904,0.149,86.034,0.353,86.115,0.086,86.305,0.14,86.328,0.212,85.543,0.275,84.298,0.262,nan,nan,84.141,0.264,84.122,0.198,1100
2012,9,86.122,0.273,84.748,0.283,85.435,0.394,85.853,0.189,85.954,0.743,86.177,0.159,85.944,0.135,85.996,0.135,86.189,0.089,86.207,0.284,86.355,0.391,85.316,0.271,84.298,0.282,nan,nan,84.022,0.4,83.94,0.216,1100
2012,10,86.124,0.319,84.647,0.282,85.385,0.426,85.616,0.385,86.053,0.821,86.173,0.162,85.75,0.29,86.085,0.359,86.265,0.124,86.289,0.235,86.401,0.333,85.197,0.325,84.205,0.178,nan,nan,83.907,0.453,83.927,0.168,1100
2012,11,86.071,0.306,84.689,0.303,85.38,0.431,85.328,0.506,85.975,0.614,86.265,0.176,85.608,0.376,86.262,0.162,86.272,0.125,86.303,0.197,86.153,0.381,85.223,0.251,84.265,0.382,nan,nan,83.955,0.264,83.975,0.121,1100
2012,12,85.926,0.299,84.634,0.484,85.28,0.569,85.186,0.322,85.671,0.256,86.286,0.277,85.627,0.239,85.998,0.548,86.118,0.141,86.102,0.261,85.957,0.215,85.388,0.639,83.921,0.182,nan,nan,83.916,0.55,83.95,0.162,1100
2013,1,85.814,0.231,84.655,0.341,85.234,0.412,85.205,0.222,85.438,0.371,86.27,0.3,85.605,0.203,85.773,0.322,85.911,0.145,86.079,0.233,85.8,0.165,85.356,0.24,84.06,0.474,nan,nan,83.811,0.17,83.816,0.125,1100
2013,2,85.719,0.282,84.695,0.389,85.207,0.481,85.469,0.173,85.321,0.137,86.276,0.377,85.387,0.258,85.698,0.325,85.626,0.191,86.195,0.351,85.738,0.265,85.343,0.524,84.219,0.196,nan,nan,83.741,0.175,83.674,0.18,1100
2013,3,85.578,0.241,84.558,0.479,85.068,0.536,85.537,0.499,85.178,0.374,86.238,0.226,85.261,0.131,85.709,0.248,85.375,0.194,85.975,0.211,85.581,0.321,85.198,0.621,84.095,0.301,nan,nan,83.651,0.311,83.484,0.151,1100
2013,4,85.419,0.282,84.339,0.214,84.879,0.353,85.445,0.686,84.935,0.114,86.108,0.209,85.285,0.361,85.401,0.284,85.196,0.164,85.638,0.252,85.51,0.24,85.057,0.192,83.731,0.205,nan,nan,83.554,0.383,83.391,0.147,1100
2013,5,85.415,0.328,84.216,0.22,84.816,0.395,85.363,0.26,84.827,0.174,86,0.188,85.302,0.537,85.446,0.299,85.13,0.073,85.64,0.269,85.537,0.218,84.793,0.238,83.802,0.213,nan,nan,83.351,0.185,83.278,0.136,1100
2013,6,85.242,0.199,84.006,0.189,84.624,0.274,85.464,0.366,84.82,0.108,85.901,0.26,84.979,0.135,85.392,0.207,84.955,0.06,85.658,0.205,85.192,0.285,84.508,0.218,83.636,0.139,nan,nan,83.296,0.219,83.191,0.182,1100
2013,7,84.999,0.458,83.91,0.242,84.454,0.518,85.19,0.433,84.671,0.232,85.696,0.274,84.682,0.819,85.173,0.297,84.777,0.105,85.317,0.311,85.015,0.251,84.508,0.307,83.378,0.143,nan,nan,83.415,0.206,83.097,0.175,1100
2013,8,84.887,0.35,83.883,0.172,84.385,0.39,84.469,0.202,84.394,0.129,85.395,0.159,84.767,0.312,84.796,0.361,84.608,0.069,85.177,0.566,85.075,0.315,84.664,0.189,83.143,0.156,nan,nan,83.214,0.163,83.111,0.146,1100
2013,9,84.96,1.882,83.772,1.192,84.366,2.227,84.3,1.873,84.257,0.126,85.155,0.099,85,0.151,84.874,0.142,84.602,0.119,85.368,4.298,85.028,0.55,84.457,0.229,83.167,1.915,nan,nan,83.006,0.182,83.028,0.132,1100
2013,10,84.86,0.9,83.591,0.312,84.225,0.953,84.685,0.226,84.434,0.112,85.141,0.144,84.72,0.161,84.786,0.169,84.535,0.185,85.408,2.023,84.854,0.442,84.052,0.379,83.275,0.226,nan,nan,82.769,0.324,82.885,0.12,1100
2013,11,84.745,0.894,83.549,0.204,84.147,0.916,84.654,0.216,84.545,0.117,85.252,0.212,84.624,1.814,84.543,0.182,84.444,0.107,85.143,0.231,84.845,0.211,84.027,0.192,83.252,0.216,nan,nan,82.557,0.249,82.803,0.151,1100
2013,12,84.634,0.218,83.489,0.231,84.062,0.318,84.417,0.348,84.52,0.118,85.278,0.258,84.613,0.217,84.324,0.281,84.347,0.142,84.98,0.236,84.692,0.179,84.099,0.18,83.058,0.299,nan,nan,82.326,0.202,82.727,0.127,1100
2014,1,84.607,0.203,83.544,0.176,84.075,0.269,84.166,0.172,84.341,0.11,85.217,0.24,84.602,0.167,84.539,0.317,84.268,0.112,85.006,0.169,84.502,0.223,84.127,0.161,83.109,0.169,nan,nan,82.656,0.306,82.697,0.129,1100
2014,2,84.542,0.206,83.518,0.17,84.03,0.267,83.742,0.399,84.175,0.103,85.1,0.247,84.425,0.19,84.667,0.217,84.158,0.117,85.019,0.205,84.452,0.248,84.18,0.15,83.037,0.183,nan,nan,82.36,0.229,82.655,0.16,1100
2014,3,84.413,0.328,83.264,0.284,83.838,0.434,83.618,0.335,84.093,0.112,85.011,0.111,84.386,0.6,84.49,0.14,84.089,0.113,84.687,0.189,84.38,0.224,83.983,0.351,82.766,0.178,nan,nan,81.672,0.314,82.544,0.166,1100
2014,4,84.28,0.169,82.962,0.199,83.621,0.262,84.026,0.171,84.155,0.116,84.985,0.129,84.277,0.172,84.257,0.144,84.014,0.096,84.392,0.208,84.294,0.204,83.59,0.208,82.579,0.16,nan,nan,81.283,0.223,82.336,0.287,1100
2014,5,84.231,0.186,82.819,0.248,83.525,0.309,84.24,0.179,84.118,0.079,85.031,0.36,84.077,0.168,84.22,0.174,83.918,0.08,84.47,0.205,84.292,0.214,83.371,0.298,82.484,0.164,nan,nan,81.401,0.314,82.205,0.133,1100
2014,6,84.138,0.328,82.713,0.36,83.426,0.487,84.193,0.266,83.964,0.425,84.958,0.169,84.119,0.155,84.185,0.151,83.779,0.288,84.397,0.181,84.004,0.619,83.218,0.266,82.427,0.456,nan,nan,81.33,0.41,82.118,0.264,1100
2014,7,84.123,0.273,82.543,0.286,83.333,0.395,84.091,0.162,83.708,0.287,84.784,0.511,84.285,0.272,84.189,0.324,83.645,0.061,84.361,0.268,83.956,0.265,83.023,0.201,82.285,0.245,nan,nan,81.104,0.192,82.037,0.754,1100
2014,8,84.042,0.251,82.414,0.228,83.228,0.339,84.083,0.407,83.65,0.291,84.556,0.138,84.249,0.153,83.925,0.275,83.46,0.053,84.297,0.332,84.056,0.316,82.882,0.268,82.187,0.168,nan,nan,80.864,0.276,81.943,0.121,1100
2014,9,83.931,0.374,82.338,0.24,83.135,0.445,84.002,0.293,83.835,0.655,84.366,0.464,83.984,0.156,83.785,0.401,83.356,0.274,84.265,0.476,84.032,0.402,82.776,0.24,82.128,0.256,nan,nan,80.893,0.212,81.876,0.172,1100
2014,10,83.885,0.309,82.349,0.196,83.117,0.366,83.91,0.422,84.017,0.418,84.343,0.221,83.962,0.375,83.977,0.177,83.24,0.079,84.146,0.174,83.843,0.462,82.753,0.165,82.172,0.206,nan,nan,81.077,0.326,81.752,0.161,1100
2014,11,83.855,0.404,82.307,0.208,83.081,0.454,83.922,0.333,83.91,0.42,84.442,0.119,83.741,0.346,84.032,0.279,83.192,0.078,84.31,0.239,83.788,0.746,82.667,0.153,82.156,0.184,nan,nan,81.197,0.241,81.712,0.479,1100
2014,12,83.672,0.257,82.193,0.196,82.933,0.323,83.8,0.202,83.625,0.561,84.388,0.307,83.654,0.186,83.705,0.174,83.045,0.314,84.028,0.208,83.659,0.273,82.621,0.159,81.904,0.232,nan,nan,81.285,0.228,81.683,0.168,1100
2015,1,83.559,0.331,82.156,0.365,82.857,0.493,83.434,0.516,83.412,0.383,84.267,0.187,83.887,0.495,83.396,0.257,82.962,0.083,83.645,0.216,83.555,0.336,82.713,0.165,81.685,0.536,nan,nan,81.321,0.363,81.656,0.17,1100
2015,2,83.402,0.249,82.118,0.214,82.76,0.329,83.303,0.222,83.195,0.175,84.099,0.118,83.895,0.255,83.276,0.233,82.859,0.079,83.175,0.368,83.438,0.236,82.802,0.163,81.568,0.193,nan,nan,81.14,0.495,81.298,0.155,1100
2015,3,83.118,0.27,81.944,0.271,82.531,0.383,82.953,0.193,83.074,0.231,83.874,0.203,83.302,0.15,83.049,0.515,82.782,0.067,82.964,0.257,83.22,0.247,82.613,0.3,81.466,0.244,nan,nan,80.815,0.28,80.972,0.153,1100
2015,4,82.928,0.338,81.752,0.251,82.34,0.421,82.71,0.85,83.02,0.122,83.722,0.245,82.805,0.409,82.91,0.402,82.634,0.375,82.945,0.182,83.143,0.217,82.353,0.225,81.377,0.293,nan,nan,80.562,0.247,80.759,0.154,1100
2015,5,82.879,0.242,81.547,0.266,82.213,0.359,82.925,0.306,83.001,0.298,83.725,0.339,82.726,0.241,82.758,0.327,82.458,0.084,83.061,0.241,83.11,0.201,81.991,0.319,81.346,0.184,nan,nan,80.329,0.324,80.726,0.125,1100
2015,6,82.889,0.211,81.338,0.21,82.114,0.298,83.179,0.213,82.825,0.372,83.544,0.222,82.835,0.172,82.89,0.17,82.192,0.112,83.204,0.17,83.048,0.311,81.626,0.123,81.324,0.29,nan,nan,80.122,0.232,80.603,0.135,1100
2015,7,82.83,0.297,81.213,0.195,82.022,0.355,82.834,0.247,82.63,0.321,83.278,0.3,82.933,0.262,82.943,0.304,82.142,0.107,83.095,0.228,82.843,0.455,81.403,0.131,81.295,0.244,nan,nan,80.118,0.295,80.52,0.129,1100
2015,8,82.778,0.216,81.183,0.206,81.98,0.299,82.528,0.181,82.505,0.253,83.025,0.105,82.913,0.163,82.786,0.228,82.318,0.139,82.998,0.3,82.777,0.23,81.357,0.16,81.302,0.263,nan,nan,80.082,0.191,80.391,0.14,1100
2015,9,82.761,0.333,81.08,0.204,81.92,0.391,82.624,0.215,82.388,0.479,82.904,0.267,82.946,0.315,82.77,0.194,82.31,0.106,82.912,0.52,82.795,0.312,81.304,0.112,81.131,0.267,nan,nan,79.952,0.27,80.334,0.232,1100
2015,10,82.739,0.224,81.02,0.14,81.879,0.264,82.444,0.697,82.252,0.384,82.875,0.118,82.738,0.221,82.849,0.252,82.108,0.132,83.133,0.221,82.869,0.128,81.273,0.122,81.063,0.142,nan,nan,79.714,0.176,80.303,0.199,1100
2015,11,82.638,0.23,81.028,0.282,81.833,0.364,82.349,0.276,82.201,0.268,82.842,0.127,82.667,0.203,82.782,0.166,81.915,0.282,83.02,0.271,82.763,0.219,81.259,0.128,81.11,0.395,nan,nan,79.634,0.404,80.34,0.125,1100
2015,12,82.469,0.238,81.015,0.198,81.742,0.309,82.074,0.166,82.175,0.391,82.707,0.094,82.378,0.273,82.384,0.36,82.133,0.179,82.778,0.091,82.664,0.189,81.272,0.122,81.04,0.273,nan,nan,79.758,0.182,80.319,0.144,1100
2016,1,82.264,0.469,80.922,0.215,81.593,0.516,81.817,0.356,82.06,0.3,82.491,0.124,82.244,0.38,82.055,0.499,82.229,0.208,82.346,0.84,82.434,0.185,81.268,0.14,80.825,0.255,nan,nan,79.636,0.396,80.3,0.12,1100
2016,2,82.16,0.39,80.922,0.303,81.541,0.494,81.693,0.608,81.96,0.435,82.327,0.122,82.066,0.362,82.046,0.398,82.07,0.19,82.415,0.61,82.238,0.222,81.342,0.166,80.772,0.404,nan,nan,79.496,0.46,80.22,0.152,1100
2016,3,82.038,0.315,80.781,0.416,81.41,0.522,81.791,0.443,81.862,0.28,82.142,0.096,81.79,0.324,82.222,0.47,81.812,0.137,82.367,0.324,82.098,0.263,81.254,0.218,80.559,0.577,nan,nan,79.389,0.564,80.071,0.145,1100
2016,4,81.926,0.33,80.531,0.471,81.228,0.575,81.718,0.403,81.73,0.389,82.039,0.103,81.627,0.484,82.161,0.287,81.722,0.142,82.181,0.306,82.063,0.261,81.017,0.24,80.248,0.651,nan,nan,79.264,0.35,79.931,0.613,1100
2016,5,81.947,0.401,80.413,0.348,81.18,0.531,81.906,0.293,81.647,0.388,81.994,0.099,81.909,0.587,82.134,0.505,81.494,0.13,82.096,0.371,82.123,0.186,80.847,0.221,80.26,0.464,nan,nan,78.807,0.388,79.827,0.28,1100
2016,6,81.959,0.454,80.334,0.402,81.146,0.607,82.173,0.394,81.605,0.264,81.978,0.112,81.952,0.77,82.251,0.503,81.274,0.069,82.271,0.296,82.028,0.201,80.765,0.22,80.106,0.535,nan,nan,78.978,0.546,79.922,0.363,1100
2016,7,81.658,0.368,80.086,0.424,80.872,0.561,82.083,1.022,81.454,0.364,81.773,0.114,81.492,0.334,81.843,0.422,81.187,0.137,82.009,0.52,81.73,0.192,80.54,0.222,79.712,0.556,nan,nan,79.072,0.702,79.99,0.234,1100
2016,8,81.541,0.413,80.062,0.353,80.802,0.543,81.653,0.544,81.358,0.366,81.482,0.11,81.303,0.58,81.582,0.259,81.112,0.085,82.084,0.369,81.66,0.492,80.52,0.215,79.718,0.468,nan,nan,78.827,0.352,79.992,0.394,1100
2016,9,81.575,0.397,80.094,0.294,80.835,0.494,81.378,0.34,81.383,0.333,81.27,0.264,81.509,0.234,81.623,0.601,81.048,0.134,82.013,0.308,81.74,0.58,80.496,0.245,79.94,0.35,nan,nan,78.427,0.353,79.812,0.171,1100
2016,10,81.625,0.316,80.033,0.281,80.829,0.423,81.481,0.287,81.341,0.646,81.19,0.113,81.75,0.338,81.731,0.247,81.09,0.14,81.794,0.46,81.819,0.141,80.425,0.215,79.859,0.275,nan,nan,78.498,0.424,79.798,0.483,1100
2016,11,81.656,0.336,79.955,0.256,80.805,0.422,81.328,0.158,81.389,0.686,81.299,0.104,81.789,0.339,81.679,0.227,81.163,0.141,82.031,0.526,81.662,0.157,80.283,0.258,79.817,0.252,nan,nan,78.638,0.27,79.749,0.244,1100
2016,12,81.686,0.407,80.018,0.448,80.852,0.606,80.92,0.596,81.395,0.3,81.394,0.117,81.647,0.417,82.017,0.35,81.013,0.093,82.335,0.699,81.566,0.169,80.4,0.241,79.819,0.625,nan,nan,78.81,0.286,79.638,0.539,1100
2017,1,81.493,0.582,79.955,0.251,80.724,0.634,80.865,0.405,81.087,0.597,81.206,0.112,81.396,0.82,82.112,0.536,80.722,0.106,81.977,0.622,81.473,0.511,80.474,0.258,79.65,0.235,nan,nan,78.595,0.256,79.345,0.288,1100
2017,2,81.285,0.305,79.747,0.316,80.516,0.439,81.28,0.342,80.852,0.523,81.054,0.137,81.146,0.251,81.759,0.445,80.585,0.124,81.68,0.334,81.398,0.261,80.226,0.218,79.46,0.381,nan,nan,78.47,0.259,79.235,0.507,1100
2017,3,81.147,0.314,79.57,0.235,80.358,0.392,81.859,0.293,80.969,0.665,81.04,0.123,80.831,0.46,81.619,0.305,80.584,0.117,81.493,0.223,81.276,0.157,79.849,0.269,79.268,0.2,nan,nan,nan,nan,79.256,0.126,1100
2017,4,81.142,0.461,79.184,0.306,80.163,0.553,80.989,0.53,81.06,0.376,80.98,0.114,80.42,0.529,81.962,0.456,80.559,0.4,81.808,0.629,81.28,0.214,79.535,0.263,78.72,0.372,nan,nan,nan,nan,79.278,0.117,1100
2017,5,81.131,0.521,79.39,0.157,80.261,0.544,80.9,0.262,81.14,0.096,80.83,0.056,nan,nan,81.018,1.032,80.475,0.319,81.668,0.383,81.304,0.188,79.413,0.163,nan,nan,nan,nan,nan,nan,79.224,0.1,1100
2017,6,80.865,0.106,79.547,0.183,80.206,0.212,nan,nan,81.111,0.099,80.839,0.053,nan,nan,nan,nan,80.377,0.042,nan,nan,81.214,0.146,79.592,0.191,nan,nan,nan,nan,nan,nan,79.214,0.105,100
2017,7,80.669,0.1,79.958,0.155,80.313,0.184,nan,nan,81.066,0.099,80.806,0.061,nan,nan,nan,nan,80.08,0.028,nan,nan,81.031,0.138,80.074,0.16,nan,nan,nan,nan,nan,nan,79.097,0.105,100
2017,8,80.869,0.085,79.689,0.174,80.279,0.194,nan,nan,nan,nan,80.463,0.048,nan,nan,nan,nan,nan,nan,nan,nan,80.962,0.092,79.773,0.181,nan,nan,nan,nan,nan,nan,79.058,0.11,100
2017,9,80.956,0.077,79.833,0.154,80.394,0.172,nan,nan,nan,nan,80.339,0.047,nan,nan,nan,nan,nan,nan,nan,nan,81.095,0.082,79.949,0.16,nan,nan,nan,nan,nan,nan,78.969,0.096,100