Year,Month,NH,HATS_NH_F12_sd,HATS_SH_F12,HATS_SH_F12_sd,Global,HATS_Global_F12_sd,HATS_alt_F12,HATS_alt_F12_sd,HATS_sum_F12,HATS_sum_F12_sd,HATS_brw_F12,HATS_brw_F12_sd,HATS_mhd_F12,HATS_mhd_F12_sd,HATS_thd_F12,HATS_thd_F12_sd,HATS_nwr_F12,HATS_nwr_F12_sd,HATS_kum_F12,HATS_kum_F12_sd,HATS_mlo_F12,HATS_mlo_F12_sd,HATS_smo_F12,HATS_smo_F12_sd,HATS_cgo_F12,HATS_cgo_F12_sd,HATS_ush_F12,HATS_ush_F12_sd,HATS_psa_F12,HATS_psa_F12_sd,HATS_spo_F12,HATS_spo_F12_sd,HATS_F12_Programs
1977,8,nan,nan,239.806,5.3,nan,nan,nan,nan,nan,nan,nan,nan,nan,nan,nan,nan,258.937,7.67,nan,nan,nan,nan,240.017,5.54,nan,nan,nan,nan,nan,nan,238.237,2.948,100000
1977,9,261.033,7.799,241.57,5.318,251.302,9.44,nan,nan,nan,nan,nan,nan,nan,nan,nan,nan,262.094,4.768,nan,nan,260.172,9.58,241.729,5.56,nan,nan,nan,nan,nan,nan,240.389,2.947,100000
1977,10,264.725,4.741,243.7,4.386,254.212,6.459,nan,nan,nan,nan,nan,nan,nan,nan,nan,nan,264.825,6.075,nan,nan,264.644,3.28,243.808,4.53,nan,nan,nan,nan,nan,nan,242.897,3.112,100000
1977,11,267.753,7.972,246.055,6.407,256.904,10.227,nan,nan,nan,nan,nan,nan,nan,nan,nan,nan,266.91,6.346,nan,nan,268.437,9.08,246.167,6.73,nan,nan,nan,nan,nan,nan,245.223,3.082,100000
1977,12,270.38,9.882,248.69,6.939,259.535,12.075,nan,nan,nan,nan,nan,nan,nan,nan,nan,nan,268.878,11.64,nan,nan,271.599,8.18,248.927,7.09,nan,nan,nan,nan,nan,nan,246.925,5.69,100000
1978,1,272.748,10.265,251.372,7.968,262.06,12.994,nan,nan,nan,nan,nan,nan,nan,nan,nan,nan,270.902,5.409,nan,nan,274.247,12.93,251.848,8.41,nan,nan,nan,nan,nan,nan,247.828,3.092,100000
1978,2,274.33,5.005,253.578,3.893,263.954,6.34,nan,nan,nan,nan,nan,nan,nan,nan,nan,nan,272.25,4.884,nan,nan,276.019,5.1,254.333,3.99,nan,nan,nan,nan,nan,nan,247.959,3.077,100000
1978,3,275.301,11.686,255.242,3.156,265.271,12.105,nan,nan,nan,nan,nan,nan,nan,nan,nan,nan,272.804,5.33,nan,nan,277.329,14.98,256.197,3.16,nan,nan,nan,nan,nan,nan,248.14,3.126,100000
1978,4,278.633,7.732,256.656,3.128,267.644,8.34,nan,nan,nan,nan,290.101,8.66,nan,nan,nan,nan,274.589,4.758,nan,nan,279.317,9.3,257.661,3.109,nan,nan,nan,nan,nan,nan,249.175,3.261,100000
1978,5,281.347,4.267,257.57,6.573,269.459,7.836,nan,nan,nan,nan,287.604,4.043,nan,nan,nan,nan,279.08,4.624,nan,nan,281.77,4.006,258.484,6.9,nan,nan,nan,nan,nan,nan,250.772,3.225,100000
1978,6,284.377,6.981,257.944,5.931,271.16,9.16,nan,nan,nan,nan,286.414,4.16,nan,nan,nan,nan,285.112,5.42,nan,nan,283.319,8.46,258.696,6.21,nan,nan,nan,nan,nan,nan,252.345,3.162,100000
1978,7,286.559,10.211,258.02,4.724,272.289,11.25,nan,nan,nan,nan,286.489,6.69,nan,nan,nan,nan,290.358,6.44,nan,nan,283.488,12.99,258.611,4.9,nan,nan,nan,nan,nan,nan,253.619,3.113,100000
1978,8,287.599,7.637,258.399,7.027,272.999,10.378,nan,nan,nan,nan,287.959,4.298,nan,nan,nan,nan,293.495,9.8,nan,nan,282.728,6.06,258.937,7.4,nan,nan,nan,nan,nan,nan,254.399,3.058,100000
1978,9,287.849,5.555,259.684,6.96,273.767,8.905,nan,nan,nan,nan,291.266,7.47,nan,nan,nan,nan,293.675,4.922,nan,nan,282.343,5.53,260.303,7.33,nan,nan,nan,nan,nan,nan,255.076,3.022,100000
1978,10,287.922,7.855,261.927,4.685,274.925,9.146,nan,nan,nan,nan,294.736,9.5,nan,nan,nan,nan,290.784,8.44,nan,nan,284.053,6.89,262.672,3.57,nan,nan,nan,nan,nan,nan,256.391,9.51,100000
1978,11,288.372,11.543,264.6,6.152,276.486,13.079,nan,nan,nan,nan,296.468,8.5,nan,nan,nan,nan,286.905,16.39,nan,nan,287.727,6.09,265.472,6.45,nan,nan,nan,nan,nan,nan,258.112,3.14,100000
1978,12,289.138,8.924,267.27,7.029,278.204,11.36,nan,nan,nan,nan,296.666,11.72,nan,nan,nan,nan,284.69,3.912,nan,nan,291.043,10.9,268.283,7.27,nan,nan,nan,nan,nan,nan,259.731,4.88,100000
1979,1,289.544,7.834,269.582,4.932,279.563,9.257,nan,nan,nan,nan,296.379,11.93,nan,nan,nan,nan,284.557,7.29,nan,nan,292.046,7.05,270.712,4.35,nan,nan,nan,nan,nan,nan,261.176,8.03,100000
1979,2,289.49,7.652,271.143,5.074,280.316,9.181,nan,nan,nan,nan,296.209,10.77,nan,nan,nan,nan,286.058,7.83,nan,nan,290.754,6.58,272.325,5.23,nan,nan,nan,nan,nan,nan,262.345,3.71,100000
1979,3,290.212,6.736,271.627,4.233,280.92,7.956,nan,nan,nan,nan,296.689,11.89,nan,nan,nan,nan,289.497,4.453,nan,nan,289.324,6.66,272.728,4.38,nan,nan,nan,nan,nan,nan,263.441,2.917,100000
1979,4,292.179,5.828,271.447,5.991,281.813,8.358,nan,nan,nan,nan,297.434,4.69,nan,nan,nan,nan,293.094,4.817,nan,nan,290.244,6.74,272.298,6.29,nan,nan,nan,nan,nan,nan,265.11,2.923,100000
1979,5,293.867,7.301,271.693,4.557,282.78,8.607,nan,nan,nan,nan,297.506,3.725,nan,nan,nan,nan,294.233,8.11,nan,nan,292.745,7.22,272.292,4.71,nan,nan,nan,nan,nan,nan,267.235,3.196,100000
1979,6,294.905,15.209,272.695,6.062,283.8,16.373,nan,nan,nan,nan,297.425,8.1,nan,nan,nan,nan,294.107,16.09,nan,nan,294.982,15.7,273.23,6.33,nan,nan,nan,nan,nan,nan,268.715,3.473,100000
1979,7,296.68,7.509,274.258,7.353,285.469,10.51,nan,nan,nan,nan,298.226,5.56,nan,nan,nan,nan,294.757,7.41,nan,nan,297.892,7.96,274.898,7.73,nan,nan,nan,nan,nan,nan,269.496,3.437,100000
1979,8,299.252,7.787,276.682,7.679,287.967,10.936,nan,nan,nan,nan,299.932,4.71,nan,nan,nan,nan,295.053,11.25,nan,nan,302.509,3.975,277.405,8.08,nan,nan,nan,nan,nan,nan,271.304,3.449,100000
1979,9,301.667,9.69,279.79,6.448,290.729,11.639,nan,nan,nan,nan,302.442,6.57,nan,nan,nan,nan,295.126,10.97,nan,nan,306.803,9.16,280.431,6.75,nan,nan,nan,nan,nan,nan,275.027,3.448,100000
1979,10,304.012,8.178,282.314,6.578,293.163,10.495,nan,nan,nan,nan,305.719,5.52,nan,nan,nan,nan,297.344,7.68,nan,nan,309.042,9.03,282.739,6.89,nan,nan,nan,nan,nan,nan,279.156,3.47,100000
1979,11,306.539,6.49,283.532,9.281,295.036,11.326,nan,nan,nan,nan,308.47,13.11,nan,nan,nan,nan,301.778,6.37,nan,nan,309.968,3.737,283.744,9.51,nan,nan,nan,nan,nan,nan,281.96,7.36,100000
1979,12,309.24,11.623,283.739,5.616,296.49,12.908,nan,nan,nan,nan,309.65,5.95,nan,nan,nan,nan,307.078,17.38,nan,nan,310.903,4.7,283.856,5.5,nan,nan,nan,nan,nan,nan,282.871,6.41,100000
1980,1,312.214,13.064,283.815,5.608,298.015,14.217,nan,nan,nan,nan,309.785,6.4,nan,nan,nan,nan,312.129,16.17,nan,nan,312.835,11.24,284.067,5.44,nan,nan,nan,nan,nan,nan,281.94,6.73,100000
1980,2,314.029,6.372,285.224,5.313,299.627,8.296,nan,nan,nan,nan,310.123,5.88,nan,nan,nan,nan,314.555,4.12,nan,nan,314.488,7.82,285.823,5.55,nan,nan,nan,nan,nan,nan,280.771,3.014,100000
1980,3,313.038,18.554,288.18,13.372,300.609,22.87,nan,nan,nan,nan,311.233,5.72,nan,nan,nan,nan,313.328,3.14,nan,nan,313.213,26.2,289.083,14.2,nan,nan,nan,nan,nan,nan,281.462,2.982,100000
1980,4,311.029,6.323,290.745,21.794,300.887,22.693,nan,nan,nan,nan,312.498,4.7,nan,nan,nan,nan,311.665,4.94,nan,nan,310.179,7.53,291.756,23.06,nan,nan,nan,nan,nan,nan,283.218,7.25,100000
1980,5,311.08,9.436,291.311,14.391,301.196,17.209,nan,nan,nan,nan,312.906,5.97,nan,nan,nan,nan,312.302,12.4,nan,nan,309.674,6.97,292.246,15.29,nan,nan,nan,nan,nan,nan,284.361,2.935,100000
1980,6,313.323,12.938,290.399,4.871,301.861,13.825,nan,nan,nan,nan,312.319,7.19,nan,nan,nan,nan,314.366,8.28,nan,nan,312.704,16.55,290.977,5.02,nan,nan,nan,nan,nan,nan,286.099,3.57,100000
1980,7,315.663,24.392,289.641,4.548,302.652,24.812,nan,nan,nan,nan,311.633,5.91,nan,nan,nan,nan,315.776,30.2,nan,nan,316.484,21.55,289.619,4.47,nan,nan,nan,nan,nan,nan,289.809,5.09,100000
1980,8,316.549,18.618,289.935,4.088,303.242,19.062,nan,nan,nan,nan,312.428,5.91,nan,nan,nan,nan,315.688,4.302,nan,nan,318.184,26.15,289.416,4.22,nan,nan,nan,nan,nan,nan,293.798,2.927,100000
1980,9,315.563,11.926,291.024,4.6,303.294,12.783,nan,nan,nan,nan,316.118,10.45,nan,nan,nan,nan,314.055,16.87,nan,nan,316.662,5.84,290.338,3.82,nan,nan,nan,nan,nan,nan,296.129,8.37,100000
1980,10,313.95,7.755,292.248,7.02,303.099,10.46,nan,nan,nan,nan,321.553,4.88,nan,nan,nan,nan,311.969,4.76,nan,nan,313.834,9.94,291.708,7.15,nan,nan,nan,nan,nan,nan,296.26,5.96,100000
1980,11,313.352,6.769,293.56,5.639,303.456,8.81,nan,nan,nan,nan,325.417,9.6,nan,nan,nan,nan,310.991,4.13,nan,nan,312.533,7.66,293.429,5.87,nan,nan,nan,nan,nan,nan,294.533,3.46,100000
1980,12,313.807,10.504,295.502,6.616,304.655,12.414,nan,nan,nan,nan,326.322,5.21,nan,nan,nan,nan,311.825,11.55,nan,nan,312.58,10.51,295.818,6.68,nan,nan,nan,nan,nan,nan,293.148,6.12,100000
1981,1,314.769,5.093,298.167,7.324,306.468,8.92,nan,nan,nan,nan,325.925,7.52,nan,nan,nan,nan,314.063,5.6,nan,nan,312.812,3.82,298.694,7.38,nan,nan,nan,nan,nan,nan,294.246,6.89,100000
1981,2,316.774,6.578,300.974,4.573,308.874,8.011,nan,nan,nan,nan,326.163,9.92,nan,nan,nan,nan,316.822,7.14,nan,nan,314.605,4.95,301.514,4.24,nan,nan,nan,nan,nan,nan,296.952,6.54,100000
1981,3,320.365,5.938,303.531,6.061,311.948,8.485,nan,nan,nan,nan,328.086,6.76,nan,nan,nan,nan,319.6,6.27,nan,nan,319.235,5.44,304.092,6.35,nan,nan,nan,nan,nan,nan,299.354,3.177,100000
1981,4,324.831,8.777,306.063,5.399,315.447,10.305,nan,nan,nan,nan,331.345,17.45,nan,nan,nan,nan,322.377,8.26,nan,nan,325.347,5.71,306.732,5.63,nan,nan,nan,nan,nan,nan,301.091,3.195,100000
1981,5,328.963,7.291,308.554,7.992,318.758,10.818,nan,nan,nan,nan,334.393,11.58,nan,nan,nan,nan,324.782,4.266,nan,nan,331.127,7.95,309.369,8.43,nan,nan,nan,nan,nan,nan,302.488,3.228,100000
1981,6,332.049,10.821,310.481,12.313,321.265,16.392,nan,nan,nan,nan,335.869,14.82,nan,nan,nan,nan,326.595,9.22,nan,nan,335.613,10.95,311.381,13.06,nan,nan,nan,nan,nan,nan,303.788,3.263,100000
1981,7,334.292,8.64,311.54,6.402,322.916,10.754,nan,nan,nan,nan,336.43,7.19,nan,nan,nan,nan,328.661,6.41,nan,nan,338.38,10.35,312.386,6.71,nan,nan,nan,nan,nan,nan,305.244,3.306,100000
1981,8,335.821,13.697,312.017,4.652,323.919,14.466,nan,nan,nan,nan,337.257,5.66,nan,nan,nan,nan,331.004,5.53,nan,nan,339.408,18.72,312.723,4.8,nan,nan,nan,nan,nan,nan,306.771,3.356,100000
1981,9,336.272,7.111,312.564,4.075,324.418,8.196,nan,nan,nan,nan,338.306,5.42,nan,nan,nan,nan,332.494,7.71,nan,nan,338.879,6.94,313.145,3.28,nan,nan,nan,nan,nan,nan,308.243,7.755,100000
1981,10,335.882,9.712,313.91,7.835,324.896,12.478,nan,nan,nan,nan,339.188,11.76,nan,nan,nan,nan,332.973,7.53,nan,nan,337.494,10.72,314.479,7.88,nan,nan,nan,nan,nan,nan,309.677,7.488,100000
1981,11,335.69,7.502,316.363,6.192,326.027,9.727,nan,nan,nan,nan,340.938,5.75,nan,nan,nan,nan,332.897,7.27,nan,nan,336.769,8.02,317.073,6.05,nan,nan,nan,nan,nan,nan,311.076,7.162,100000
1981,12,336.212,5.063,319.358,7.133,327.785,8.747,nan,nan,nan,nan,343.884,7.39,nan,nan,nan,nan,332.652,5.26,nan,nan,337.364,4.172,320.282,7.14,nan,nan,nan,nan,nan,nan,312.479,7.081,100000
1982,1,337.387,8.824,321.96,6.411,329.674,10.907,nan,nan,nan,nan,346.605,13.47,nan,nan,nan,nan,333.526,9.01,nan,nan,338.432,7.19,323.046,6.36,nan,nan,nan,nan,nan,nan,313.885,6.778,100000
1982,2,338.887,11.782,323.754,5.059,331.32,12.822,nan,nan,nan,nan,348.179,14.61,nan,nan,nan,nan,335.879,7.99,nan,nan,339.222,13.52,324.894,4.83,nan,nan,nan,nan,nan,nan,315.277,6.513,100000
1982,3,339.958,7.609,324.561,5.372,332.259,9.314,nan,nan,nan,nan,348.485,8.82,nan,nan,nan,nan,338.377,6.65,nan,nan,339.309,8.03,325.62,5.24,nan,nan,nan,nan,nan,nan,316.683,6.271,100000
1982,4,340.42,8.107,324.569,4.609,332.495,9.325,nan,nan,nan,nan,347.53,6.18,nan,nan,nan,nan,340.827,9.86,nan,nan,338.477,6.81,325.434,4.38,nan,nan,nan,nan,nan,nan,318.136,6.046,100000
1982,5,340.95,6.324,324.62,9.041,332.785,11.034,nan,nan,nan,nan,346.205,5.72,nan,nan,nan,nan,343.56,7.17,nan,nan,337.638,5.69,325.295,9.36,nan,nan,nan,nan,nan,nan,319.599,6.172,100000
1982,6,341.855,6.953,325.34,5.881,333.598,9.107,nan,nan,nan,nan,345.598,6.06,nan,nan,nan,nan,345.575,6.28,nan,nan,337.986,7.63,325.919,5.87,nan,nan,nan,nan,nan,nan,321.034,5.961,100000
1982,7,343.067,8.651,326.717,4.772,334.892,9.88,nan,nan,nan,nan,346.164,3.665,nan,nan,nan,nan,346.778,10.32,nan,nan,339.351,7.94,327.273,4.62,nan,nan,nan,nan,nan,nan,322.578,5.78,100000
1982,8,344.763,5.958,328.37,5.07,336.567,7.823,nan,nan,nan,nan,348.396,5.52,nan,nan,nan,nan,347.994,6.18,nan,nan,341.316,5.87,328.974,4.99,nan,nan,nan,nan,nan,nan,323.883,5.628,100000
1982,9,346.771,5.979,329.797,5.472,338.284,8.105,nan,nan,nan,nan,352.066,5.33,nan,nan,nan,nan,348.814,4.92,nan,nan,343.911,6.84,330.458,5.47,nan,nan,nan,nan,nan,nan,324.879,5.484,100000
1982,10,348.544,7.043,330.906,5.268,339.725,8.795,nan,nan,nan,nan,355.865,8.37,nan,nan,nan,nan,349.114,6.72,nan,nan,346.421,6.97,331.456,5.25,nan,nan,nan,nan,nan,nan,326.813,5.399,100000
1982,11,349.889,8.671,332.234,5.139,341.061,10.08,nan,nan,nan,nan,358.937,7.87,nan,nan,nan,nan,349.822,6.81,nan,nan,347.892,10.08,332.484,5.06,nan,nan,nan,nan,nan,nan,330.373,5.69,100000
1982,12,350.97,6.955,334.148,4.627,342.559,8.354,nan,nan,nan,nan,360.998,8.71,nan,nan,nan,nan,350.944,5.81,nan,nan,348.718,7.35,334.158,4.5,nan,nan,nan,nan,nan,nan,334.076,5.48,100000
1983,1,352.016,5.56,336.468,6.811,344.242,8.792,nan,nan,nan,nan,361.983,5.21,nan,nan,nan,nan,352.179,6.74,nan,nan,349.624,4.47,336.484,6.22,nan,nan,nan,nan,nan,nan,336.353,10.18,100000
1983,2,353.031,7.642,338.652,4.888,345.842,9.072,nan,nan,nan,nan,362.447,8.39,nan,nan,nan,nan,353.675,7.68,nan,nan,350.373,7.43,338.873,4.82,nan,nan,nan,nan,nan,nan,337.005,5.369,100000
1983,3,354.19,7.86,340.019,6.919,347.105,10.472,nan,nan,nan,nan,362.868,4.46,nan,nan,nan,nan,355.648,8.47,nan,nan,351.038,7.95,340.525,7.07,nan,nan,nan,nan,nan,nan,336.258,5.666,100000
1983,4,355.744,5.53,340.503,5.823,348.123,8.03,nan,nan,nan,nan,362.864,5.86,nan,nan,nan,nan,358.285,5.37,nan,nan,352.065,5.58,341.166,5.86,nan,nan,nan,nan,nan,nan,335.563,5.539,100000
1983,5,357.392,9.109,340.634,5.915,349.013,10.861,nan,nan,nan,nan,362.298,6.82,nan,nan,nan,nan,361.105,9.65,nan,nan,353.263,9.11,341.19,5.97,nan,nan,nan,nan,nan,nan,336.496,5.486,100000
1983,6,358.792,5.963,341.171,3.677,349.981,7.005,nan,nan,nan,nan,361.979,6.13,nan,nan,nan,nan,363.101,7.04,nan,nan,354.571,4.87,341.537,3.49,nan,nan,nan,nan,nan,nan,338.447,4.846,100000
1983,7,360.481,8.199,342.857,3.487,351.669,8.91,nan,nan,nan,nan,363.422,6.04,nan,nan,nan,nan,364.277,7.04,nan,nan,356.731,9.41,343.216,3.283,nan,nan,nan,nan,nan,nan,340.189,4.738,100000
1983,8,362.929,10.063,345.807,12.925,354.368,16.38,nan,nan,nan,nan,367.244,6.35,nan,nan,nan,nan,365.367,12.22,nan,nan,359.971,8.72,346.354,13.66,nan,nan,nan,nan,nan,nan,341.741,4.652,100000
1983,9,365.55,10.354,349.114,7.116,357.332,12.564,nan,nan,nan,nan,371.669,10.28,nan,nan,nan,nan,366.797,10,nan,nan,363.149,10.65,349.935,7.44,nan,nan,nan,nan,nan,nan,343,3.946,100000
1983,10,368.09,9.563,351.879,4.941,359.984,10.764,nan,nan,nan,nan,374.624,7.94,nan,nan,nan,nan,369.248,9.13,nan,nan,365.667,10.22,352.987,5.08,nan,nan,nan,nan,nan,nan,343.632,3.754,100000
1983,11,370.294,8.339,354.067,6.624,362.181,10.649,nan,nan,nan,nan,376.109,13.96,nan,nan,nan,nan,371.991,7.61,nan,nan,367.598,7.11,355.344,6.93,nan,nan,nan,nan,nan,nan,344.563,3.605,100000
1983,12,371.159,11.293,355.921,5.873,363.54,12.729,nan,nan,nan,nan,376.741,14.22,nan,nan,nan,nan,372.88,6.92,nan,nan,368.495,13.24,357.183,6.1,nan,nan,nan,nan,nan,nan,346.531,3.78,100000
1984,1,370.363,9.601,357.389,8.707,363.876,12.961,nan,nan,nan,nan,376.954,13.45,nan,nan,nan,nan,371.599,11.63,nan,nan,367.864,6.09,358.513,9.19,nan,nan,nan,nan,nan,nan,349.023,3.386,100000
1984,2,369.237,8.14,358.274,6.019,363.755,10.124,nan,nan,nan,nan,377.565,6.55,nan,nan,nan,nan,369.965,10.36,nan,nan,366.757,6.18,359.204,6.13,nan,nan,nan,nan,nan,nan,351.349,5.12,100000
1984,3,368.884,7.952,358.496,6.273,363.69,10.128,nan,nan,nan,nan,378.084,12.22,nan,nan,nan,nan,369.385,6.98,nan,nan,366.392,7.45,359.232,6.57,nan,nan,nan,nan,nan,nan,353.019,3.312,100000
1984,4,369.251,4.159,358.168,3.345,363.709,5.337,nan,nan,nan,nan,377.381,4.201,nan,nan,nan,nan,370.22,4.319,nan,nan,366.621,4.013,358.759,3.354,nan,nan,nan,nan,nan,nan,353.772,3.275,100000
1984,5,370.352,4.062,357.911,3.401,364.132,5.298,nan,nan,nan,nan,376.463,4.534,nan,nan,nan,nan,372.236,4.053,nan,nan,367.436,3.955,358.39,3.419,nan,nan,nan,nan,nan,nan,354.35,3.261,100000
1984,6,371.891,4.112,358.418,3.279,365.155,5.26,nan,nan,nan,nan,376.432,4.042,nan,nan,nan,nan,374.257,4.31,nan,nan,368.94,3.961,358.789,3.281,nan,nan,nan,nan,nan,nan,355.663,3.268,100000
1984,7,373.32,4.319,359.77,3.357,366.545,5.47,nan,nan,nan,nan,377.054,4.03,nan,nan,nan,nan,375.537,4.177,nan,nan,370.673,4.491,360.08,3.365,nan,nan,nan,nan,nan,nan,357.463,3.296,100000
1984,8,374.785,4.407,361.467,3.403,368.126,5.568,nan,nan,nan,nan,378.689,4.821,nan,nan,nan,nan,376.591,4.213,nan,nan,372.432,4.463,361.783,3.41,nan,nan,nan,nan,nan,nan,359.115,3.348,100000
1984,9,376.945,4.451,363.14,3.524,370.043,5.677,nan,nan,nan,nan,382.007,4.629,nan,nan,nan,nan,378.132,4.502,nan,nan,374.834,4.366,363.48,3.543,nan,nan,nan,nan,nan,nan,360.615,3.382,100000
1984,10,379.532,4.556,364.932,3.56,372.232,5.782,nan,nan,nan,nan,386.152,4.064,nan,nan,nan,nan,380.089,4.388,nan,nan,377.578,4.789,365.312,3.574,nan,nan,nan,nan,nan,nan,362.106,3.452,100000
1984,11,381.705,4.989,366.997,3.58,374.351,6.141,nan,nan,nan,nan,389.863,3.94,nan,nan,nan,nan,382.101,5.362,nan,nan,379.533,4.887,367.457,3.586,nan,nan,nan,nan,nan,nan,363.577,3.534,100000
1984,12,382.883,4.484,368.824,3.395,375.854,5.625,nan,nan,nan,nan,392.164,4.436,nan,nan,nan,nan,383.587,4.871,nan,nan,380.208,4.156,369.329,3.36,nan,nan,nan,nan,nan,nan,365.065,3.649,100000
1985,1,382.72,4.321,369.867,3.389,376.293,5.492,nan,nan,nan,nan,392.448,4.163,nan,nan,nan,nan,383.738,4.756,nan,nan,379.686,3.971,370.311,3.337,nan,nan,nan,nan,nan,nan,366.564,3.756,100000
1985,2,381.855,4.245,370.3,4.226,376.078,5.99,nan,nan,nan,nan,391.575,4.152,nan,nan,nan,nan,382.922,4.151,nan,nan,378.784,4.34,370.603,4.27,nan,nan,nan,nan,nan,nan,368.05,3.883,100000
1985,3,381.916,5.437,370.794,6.002,376.355,8.098,nan,nan,nan,nan,391.298,6.84,nan,nan,nan,nan,382.661,5.5,nan,nan,379.184,5.01,370.964,6.22,nan,nan,nan,nan,nan,nan,369.531,4.019,100000
1985,4,383.185,6.288,371.584,5.087,377.384,8.088,nan,nan,nan,nan,391.889,6.5,nan,nan,nan,nan,383.222,8.25,nan,nan,381.18,3.97,371.656,5.2,nan,nan,nan,nan,nan,nan,371.045,4.153,100000
1985,5,384.523,8.453,372.585,6.617,378.554,10.735,nan,nan,nan,nan,392.408,9.11,nan,nan,nan,nan,384.165,5.3,nan,nan,383.025,10.2,372.587,6.87,nan,nan,nan,nan,nan,nan,372.564,4.295,100000
1985,6,386.016,10.813,374.372,8.89,380.194,13.999,nan,nan,nan,nan,392.626,11.7,nan,nan,nan,nan,386.245,11.93,nan,nan,384.33,9.58,374.413,9.33,nan,nan,nan,nan,nan,nan,374.069,4.401,100000
1985,7,388.651,5.85,377.335,13.256,382.993,14.49,nan,nan,nan,nan,393.426,5.98,nan,nan,nan,nan,390.289,5.46,nan,nan,386.237,6.12,377.575,14.02,nan,nan,nan,nan,nan,nan,375.552,4.555,100000
1985,8,392.377,6.987,380.401,4.369,386.389,8.24,nan,nan,nan,nan,395.78,7.2,nan,nan,nan,nan,395.679,8.03,nan,nan,388.923,5.95,380.865,4.3,nan,nan,nan,nan,nan,nan,376.947,4.851,100000
1985,9,396.796,12.485,382.486,22.643,389.641,25.857,nan,nan,nan,nan,400.306,7.08,nan,nan,nan,nan,401.19,16.2,nan,nan,392.431,9.66,383.053,24.03,nan,nan,nan,nan,nan,nan,378.267,5.575,100000
1985,10,400.947,11.618,383.883,4.368,392.415,12.412,nan,nan,nan,nan,405.841,8.05,nan,nan,nan,nan,404.973,14.12,nan,nan,396.567,9.93,384.453,4.32,nan,nan,nan,nan,nan,nan,379.638,4.713,100000
1985,11,403.034,6.495,384.851,10.64,393.942,12.465,nan,nan,nan,nan,409.994,7.79,nan,nan,nan,nan,405.5,5.57,nan,nan,399.452,6.86,385.349,11.13,nan,nan,nan,nan,nan,nan,381.146,5.81,100000
1985,12,402.934,6.65,386.061,5.513,394.498,8.638,nan,nan,nan,nan,411.975,8.29,nan,nan,nan,nan,403.713,7.79,nan,nan,400.252,5.03,386.505,5.33,nan,nan,nan,nan,nan,nan,382.756,6.72,100000
1986,1,402.628,6.713,388.267,7.706,395.447,10.22,nan,nan,nan,nan,413.032,8.73,nan,nan,nan,nan,402.03,4.98,nan,nan,400.754,7.38,388.791,8.05,nan,nan,nan,nan,nan,nan,384.369,4.361,100000
1986,2,403.308,12.527,390.629,7.169,396.969,14.433,nan,nan,nan,nan,413.975,5.65,nan,nan,nan,nan,401.934,8.9,nan,nan,402.006,15.76,391.267,7.47,nan,nan,nan,nan,nan,nan,385.881,4.308,100000
1986,3,404.685,6.777,391.979,4.179,398.332,7.962,nan,nan,nan,nan,414.746,8.37,nan,nan,nan,nan,403.499,4.5,nan,nan,403.368,7.83,392.607,4.17,nan,nan,nan,nan,nan,nan,387.307,4.245,100000
1986,4,406.216,7.336,392.795,6.691,399.506,9.929,nan,nan,nan,nan,415.197,8.22,nan,nan,nan,nan,405.902,7.36,nan,nan,404.435,7.1,393.333,6.96,nan,nan,nan,nan,nan,nan,388.792,4.176,100000
1986,5,407.409,6.251,393.928,5.428,400.668,8.279,nan,nan,nan,nan,414.848,7.62,nan,nan,nan,nan,408.24,6.45,nan,nan,405.046,5.72,394.411,5.58,nan,nan,nan,nan,nan,nan,390.334,4.128,100000
1986,6,407.972,7.282,395.466,7.027,401.719,10.12,nan,nan,nan,nan,413.497,9.41,nan,nan,nan,nan,409.739,6.03,nan,nan,405.284,7.65,395.94,7.33,nan,nan,nan,nan,nan,nan,391.939,4.123,100000
1986,7,408.438,6.817,397.071,5.211,402.755,8.581,nan,nan,nan,nan,412.317,7.3,nan,nan,nan,nan,410.195,6.76,nan,nan,406.132,6.75,397.523,5.33,nan,nan,nan,nan,nan,nan,393.708,4.221,100000
1986,8,409.768,6.369,398.136,6.719,403.952,9.257,nan,nan,nan,nan,412.816,3.92,nan,nan,nan,nan,410.67,5.3,nan,nan,408.345,7.51,398.508,6.99,nan,nan,nan,nan,nan,nan,395.364,4.18,100000
1986,9,412.586,5.702,398.687,5.248,405.636,7.749,nan,nan,nan,nan,415.622,6.26,nan,nan,nan,nan,412.582,4.62,nan,nan,411.9,6.33,398.995,5.37,nan,nan,nan,nan,nan,nan,396.393,4.229,100000
1986,10,415.917,5.525,399.306,6.711,407.612,8.693,nan,nan,nan,nan,419.998,4.64,nan,nan,nan,nan,415.204,4.73,nan,nan,415.571,6.26,399.632,6.98,nan,nan,nan,nan,nan,nan,396.882,4.202,100000
1986,11,418.261,5.757,400.251,6.3,409.256,8.534,nan,nan,nan,nan,424.199,6.54,nan,nan,nan,nan,417.224,4.983,nan,nan,417.756,6.14,400.613,6.47,nan,nan,nan,nan,nan,nan,397.555,4.85,100000
1986,12,419.332,6.542,402.038,5.709,410.685,8.682,nan,nan,nan,nan,427.096,4.34,nan,nan,nan,nan,418.51,6.8,nan,nan,418.239,6.74,402.439,5.35,nan,nan,nan,nan,nan,nan,399.052,7.88,100000
1987,1,420.241,7.867,405.164,9.756,412.702,12.533,nan,nan,nan,nan,429.301,4.1,nan,nan,nan,nan,419.628,9.7,nan,nan,418.685,6.78,405.659,10.1,nan,nan,nan,nan,nan,nan,401.478,6.66,100000
1987,2,421.903,6.012,408.921,3.511,415.412,6.962,nan,nan,nan,nan,430.985,7.81,nan,nan,nan,nan,421.441,7.16,nan,nan,420.219,4.27,409.539,3.42,nan,nan,nan,nan,nan,nan,404.318,4.124,100000
1987,3,424.235,5.887,411.971,3.272,418.103,6.735,nan,nan,nan,nan,431.351,5.33,nan,nan,nan,nan,424.488,5.66,nan,nan,422.416,6.18,412.664,3.14,nan,nan,nan,nan,nan,nan,406.813,4.126,100000
1987,4,425.395,10.049,414.452,27.087,419.924,28.891,nan,nan,nan,nan,430.631,4.56,nan,nan,nan,nan,427.338,12.1,nan,nan,422.629,9.07,415.226,28.81,nan,nan,nan,nan,nan,nan,408.696,4.139,100000
1987,5,425.841,4.95,414.472,3.41,420.156,6.011,nan,nan,nan,nan,429.67,8.58,nan,nan,nan,nan,427.988,4.309,nan,nan,423.23,4.264,415.031,3.296,nan,nan,nan,nan,nan,nan,410.313,4.158,100000
1987,6,426.632,7.406,413.807,2.261,420.219,7.743,nan,nan,nan,nan,427.495,5.97,nan,nan,nan,nan,426.985,10.23,nan,nan,426.149,4.33,414.053,1.882,nan,nan,nan,nan,nan,nan,411.976,4.095,110000
1987,7,428.475,9.254,414.974,2.829,421.724,9.677,nan,nan,nan,nan,431.15,19.93,nan,nan,nan,nan,426.47,9.33,nan,nan,429.497,3.722,415.162,2.612,nan,nan,nan,nan,nan,nan,413.575,4.097,110000
1987,8,430.825,5.59,418.481,1.673,424.653,5.835,nan,nan,nan,nan,439.177,3.696,nan,nan,nan,nan,427.817,7.7,nan,nan,431.374,3.531,418.901,0.954,nan,nan,nan,nan,nan,nan,415.357,4.104,110000
1987,9,434.257,5.466,420.56,2.305,427.408,5.932,nan,nan,nan,nan,445.408,3.627,nan,nan,nan,nan,431.895,7.24,nan,nan,433.647,3.92,420.906,1.936,nan,nan,nan,nan,nan,nan,417.983,4.117,110000
1987,10,439.029,4.498,422.518,2.02,430.774,4.931,nan,nan,nan,nan,448.669,3.263,nan,nan,nan,nan,438.387,5.31,nan,nan,437.365,3.993,422.686,1.546,nan,nan,nan,nan,nan,nan,421.264,4.083,110000
1987,11,443.569,9.501,424.454,4.093,434.012,10.345,nan,nan,nan,nan,453.349,4.094,nan,nan,nan,nan,445.457,14.3,nan,nan,439.819,3.765,424.513,2.617,nan,nan,nan,nan,nan,nan,424.015,9.51,110000
1987,12,446.461,4.51,426.72,5.25,436.591,6.921,nan,nan,nan,nan,456.616,4.94,nan,nan,nan,nan,451.38,6.01,nan,nan,440.164,2.57,426.709,3.767,nan,nan,nan,nan,nan,nan,426.803,11.27,110000
1988,1,448.445,5.786,429.705,4.071,439.075,7.075,nan,nan,nan,nan,458.76,5.275,nan,nan,nan,nan,455.252,7.91,nan,nan,440.579,3.338,430.291,4.065,nan,nan,nan,nan,nan,nan,425.345,4.121,110000
1988,2,451.643,7.145,431.664,4.207,441.654,8.292,467.168,24.95,nan,nan,461.754,5.458,nan,nan,nan,nan,456.968,6.61,nan,nan,443.584,2.959,432.922,4.177,nan,nan,nan,nan,nan,nan,422.304,4.427,110000
1988,3,453.196,9.767,433.056,3.644,443.126,10.425,467.54,3.64,nan,nan,463.707,6.185,nan,nan,nan,nan,457.673,15.17,nan,nan,445.844,2.564,434.539,3.683,nan,nan,nan,nan,nan,nan,422.023,3.339,110000
1988,4,454.013,4.764,433.34,2.799,443.676,5.526,468.137,7.33,nan,nan,463.599,6.167,nan,nan,nan,nan,458.463,4.409,nan,nan,446.912,4.357,434.461,2.927,nan,nan,nan,nan,nan,nan,424.997,1.544,110000
1988,5,454.602,5.48,433.879,2.436,444.24,5.997,468.934,10.01,nan,nan,461.952,6.33,nan,nan,nan,nan,459.675,6.35,nan,nan,447.483,3.587,434.891,2.541,nan,nan,nan,nan,nan,nan,426.342,1.435,110000
1988,6,455.888,10.265,434.174,1.622,445.031,10.392,469.917,5.54,nan,nan,461.204,6.16,nan,nan,nan,nan,461.642,15.79,nan,nan,448.706,3.269,434.936,1.652,nan,nan,nan,nan,nan,nan,428.504,1.383,110000
1988,7,457.696,4.115,436.201,2.55,446.948,4.841,471.088,4.84,nan,nan,462.699,5.183,nan,nan,nan,nan,463.896,4.793,nan,nan,450.282,3.029,436.94,2.283,nan,nan,nan,nan,nan,nan,430.706,4.016,110000
1988,8,460.242,4.9,437.848,1.808,449.045,5.223,472.447,6.35,nan,nan,465.31,4.058,nan,nan,nan,nan,466.062,6.06,nan,nan,453.232,3.726,438.391,1.641,nan,nan,nan,nan,nan,nan,433.807,2.75,110000
1988,9,462.902,6.119,440.186,2.578,451.544,6.64,474.038,15.53,nan,nan,469.18,6.24,nan,nan,nan,nan,468.465,6.49,nan,nan,455.926,3.791,440.686,2.352,nan,nan,nan,nan,nan,nan,436.467,3.864,110000
1988,10,465.682,4.016,443.162,2.443,454.422,4.7,475.849,3.39,nan,nan,473.657,4.696,nan,nan,nan,nan,470.54,4.04,nan,nan,458.983,3.88,443.684,2.387,nan,nan,nan,nan,nan,nan,439.28,2.823,110000
1988,11,467.627,4.936,446.805,2.52,457.216,5.542,477.611,6.46,nan,nan,477.645,4.644,nan,nan,nan,nan,471.62,6.68,nan,nan,461.186,2.634,447.669,2.3,nan,nan,nan,nan,nan,nan,440.383,3.77,110000
1988,12,468.583,7.767,449.703,3.362,459.143,8.463,479.276,5.44,nan,nan,479.742,3.818,nan,nan,nan,nan,471.887,10.87,nan,nan,462.375,5.157,450.787,3.494,nan,nan,nan,nan,nan,nan,441.64,2.134,110000
1989,1,468.605,5.809,451.634,3.3,460.119,6.681,480.922,3.272,nan,nan,479.431,4.174,nan,nan,nan,nan,471.288,8.01,nan,nan,462.825,3.857,452.929,2.62,nan,nan,nan,nan,nan,nan,441.992,6.392,110000
1989,2,468.997,3.972,452.15,2.407,460.573,4.644,482.58,4.98,nan,nan,477.902,5.246,nan,nan,nan,nan,470.463,4.64,nan,nan,464.524,2.757,453.364,2.013,nan,nan,nan,nan,nan,nan,443.121,4.332,110000
1989,3,470.23,4.884,452.283,3.18,461.256,5.828,484.206,4.449,nan,nan,478.094,4.316,nan,nan,nan,nan,470.739,6.02,nan,nan,466.734,3.919,453.308,3.256,nan,nan,nan,nan,nan,nan,444.656,2.544,110000
1989,4,471.971,5.248,452.982,2.131,462.477,5.664,485.9,5.95,nan,nan,478.688,4.316,nan,nan,nan,nan,472.07,6.72,nan,nan,469.074,3.812,453.8,2.175,nan,nan,nan,nan,nan,nan,446.895,1.776,110000
1989,5,473.212,6.254,453.68,2.281,463.446,6.657,487.556,5.26,nan,nan,477.794,5.177,nan,nan,nan,nan,474.592,9,nan,nan,469.72,2.99,454.293,2.329,nan,nan,nan,nan,nan,nan,449.121,1.878,110000
1989,6,474.788,5.733,454.114,2.039,464.451,6.084,489.122,5.157,nan,nan,477.792,4.199,nan,nan,nan,nan,478.121,8.06,nan,nan,470.067,3.29,454.477,2.057,nan,nan,nan,nan,nan,nan,451.412,1.9,110000
1989,7,476.882,6.472,455.415,2.053,466.148,6.789,490.637,25.46,nan,nan,478.9,3.594,nan,nan,nan,nan,481.057,4.654,nan,nan,471.754,2.921,455.612,2.123,nan,nan,nan,nan,nan,nan,453.951,1.427,110000
1989,8,479.839,8.96,457.617,1.794,468.728,9.138,491.964,7.24,nan,nan,480.699,4.146,nan,nan,nan,nan,483.315,13.7,nan,nan,475.694,3.155,457.849,1.839,nan,nan,nan,nan,nan,nan,455.893,1.412,110000
1989,9,482.706,5.837,459.473,1.862,471.089,6.127,492.939,11.62,nan,nan,483.778,4.282,nan,nan,nan,nan,485.968,7.47,nan,nan,478.863,3.259,459.743,1.909,nan,nan,nan,nan,nan,nan,457.462,1.466,110000
1989,10,484.663,4.615,461.732,2.792,473.198,5.394,493.693,7.21,nan,nan,487.842,4.5,nan,nan,nan,nan,487.938,6.05,nan,nan,480.444,2.501,462.115,2.9,nan,nan,nan,nan,nan,nan,458.887,1.792,110000
1989,11,486.15,12.925,463.376,2.616,474.763,13.187,494.519,4.77,nan,nan,491.877,5.475,nan,nan,nan,nan,488.89,20.29,nan,nan,481.849,3.586,463.775,2.594,nan,nan,nan,nan,nan,nan,460.403,2.777,110000
1989,12,487.968,5.919,464.749,3.801,476.358,7.034,495.651,7.33,nan,nan,496.716,6.888,nan,nan,nan,nan,490.747,7.9,nan,nan,483.014,2.871,465.204,3.879,nan,nan,nan,nan,nan,nan,461.361,3.16,110000
1990,1,488.415,5.833,465.998,2.333,477.207,6.282,497.061,5.25,nan,nan,499.884,6.94,nan,nan,nan,nan,490.17,6.58,nan,nan,483.587,4.887,466.486,2.365,nan,nan,nan,nan,nan,nan,462.369,2.083,110000
1990,2,487.876,5.961,467.582,3.186,477.729,6.759,498.412,3.64,nan,nan,499.293,7.843,nan,nan,nan,nan,489.651,7.456,nan,nan,482.866,3.929,468.052,3.289,nan,nan,nan,nan,nan,nan,464.083,2.278,110000
1990,3,487.005,8.411,468.665,3.113,477.835,8.969,499.234,5.97,nan,nan,497.037,8.871,nan,nan,nan,nan,489.587,11.824,nan,nan,481.498,4.015,469.074,3.238,nan,nan,nan,nan,nan,nan,465.622,1.941,110000
1990,4,487.461,4.59,469.565,2.196,478.513,5.088,499.438,5.83,nan,nan,495.604,4.175,nan,nan,nan,nan,490.798,6.238,nan,nan,481.792,2.488,469.841,2.217,nan,nan,nan,nan,nan,nan,467.51,2.031,110000
1990,5,488.202,4.75,470.245,1.952,479.224,5.135,499.21,4.63,nan,nan,494.908,3.841,nan,nan,nan,nan,490.497,6.478,nan,nan,483.795,2.945,470.346,1.371,nan,nan,nan,nan,nan,nan,469.498,4.265,110000
1990,6,489.575,6.087,471.225,1.5,480.4,6.269,498.81,4.274,nan,nan,494.413,3.578,nan,nan,nan,nan,492.452,8.751,nan,nan,485.283,3.492,471.207,1.433,nan,nan,nan,nan,nan,nan,471.355,1.924,110000
1990,7,489.992,6.509,472.303,1.784,481.148,6.749,498.457,15.07,nan,nan,495.422,4.851,nan,nan,nan,nan,493.205,8.416,nan,nan,485.366,2.521,472.375,1.754,nan,nan,nan,nan,nan,nan,471.764,1.994,110000
1990,8,491.083,5.972,473.983,2.266,482.533,6.387,498.311,5.47,nan,nan,496.855,4.269,nan,nan,nan,nan,494.224,8.706,nan,nan,486.552,2.749,474.042,2.317,nan,nan,nan,nan,nan,nan,473.537,1.848,110000
1990,9,493.086,5.14,475.89,2.243,484.488,5.608,498.523,4.7,nan,nan,498.086,3.692,nan,nan,nan,nan,496.067,7.337,nan,nan,489.027,2.729,475.93,2.08,nan,nan,nan,nan,nan,nan,475.592,3.206,110000
1990,10,494.799,3.994,478.016,2.169,486.407,4.544,499.279,6.76,nan,nan,499.627,3.51,nan,nan,nan,nan,497.698,5.231,nan,nan,490.933,2.176,478.078,1.835,nan,nan,nan,nan,nan,nan,477.549,3.825,110000
1990,11,495.913,3.89,479.691,2.56,487.802,4.657,500.64,5.4,nan,nan,502.61,3.895,nan,nan,nan,nan,498.776,4.833,nan,nan,491.629,2.673,479.948,2.36,nan,nan,nan,nan,nan,nan,477.775,3.725,110000
1990,12,496.259,7.648,481.447,3.03,488.853,8.226,502.47,3.42,nan,nan,505.139,4.723,nan,nan,nan,nan,499.543,11.706,nan,nan,491.002,2.693,481.852,3.036,nan,nan,nan,nan,nan,nan,478.435,2.985,110000
1991,1,496.052,4.865,483.589,2.106,489.82,5.301,504.494,4.6,nan,nan,506.571,4.826,nan,nan,nan,nan,499.131,6.581,nan,nan,490.381,2.835,484.154,1.945,nan,nan,nan,nan,nan,nan,479.381,3.044,110000
1991,2,495.863,4.174,485.283,2.329,490.573,4.78,506.456,6.43,nan,nan,506.589,4.859,nan,nan,nan,nan,498.13,5.336,nan,nan,490.605,2.197,485.907,2.291,nan,nan,nan,nan,nan,nan,480.645,2.592,110000
1991,3,497.248,4.126,485.243,1.929,491.245,4.554,508.086,3.99,nan,nan,506.111,5.722,nan,nan,nan,nan,499.124,5.091,nan,nan,492.707,2.517,485.708,1.811,nan,nan,nan,nan,nan,nan,481.777,2.645,110000
1991,4,498.723,4.364,484.88,2.428,491.801,4.994,509.138,3.85,nan,nan,505.763,3.614,nan,nan,nan,nan,500.579,6.183,nan,nan,494.652,2.284,485.069,2.132,nan,nan,nan,nan,nan,nan,483.469,3.991,110000
1991,5,499.568,4.862,482.824,3.635,491.196,6.07,509.686,3.14,nan,nan,505.766,3.016,nan,nan,nan,nan,501.131,7.225,nan,nan,495.954,2.24,485.593,2.627,478.921,4.7,nan,nan,nan,nan,484.956,2.91,110000
1991,6,500.486,5.332,484.501,3.492,492.493,6.373,510.174,4.111,nan,nan,505.813,3.715,nan,nan,nan,nan,502.039,7.936,nan,nan,497.116,2.179,486.216,1.787,482.053,5.02,nan,nan,nan,nan,485.999,1.843,110000
1991,7,501.48,4.993,485.844,3.426,493.662,6.056,511.029,3.863,nan,nan,506.518,4.387,nan,nan,nan,nan,503.462,7.218,nan,nan,497.841,2.255,486.61,1.768,484.639,4.9,nan,nan,nan,nan,487.161,2.097,110000
1991,8,501.694,4.452,487.231,3.563,494.462,5.703,512.457,10.72,nan,nan,508.016,3.248,nan,nan,nan,nan,505.731,5.444,nan,nan,495.981,2.264,487.433,1.953,486.686,5.05,nan,nan,nan,nan,488.905,2.047,110000
1991,9,502.597,4.035,488.535,4.175,495.566,5.807,514.546,4.26,nan,nan,510.511,3.467,nan,nan,nan,nan,506.915,5.293,nan,nan,496.185,2.747,488.531,2.034,488.218,6.06,nan,nan,nan,nan,490.407,2.005,110000
1991,10,504.913,3.701,489.742,4.09,497.327,5.516,517.158,4.7,nan,nan,513.173,4.545,nan,nan,nan,nan,508.2,4.837,nan,nan,499.232,1.861,490.215,1.603,488.851,6.11,nan,nan,nan,nan,491.408,1.466,110000
1991,11,506.902,3.932,490.402,2.57,498.652,4.697,519.918,5.91,nan,nan,516.058,4.065,nan,nan,nan,nan,508.656,5.227,nan,nan,502.193,1.944,491.45,1.978,488.746,3.28,nan,nan,nan,nan,492.246,1.574,110000
1991,12,506.822,3.741,490.961,2.615,498.892,4.564,522.455,7.8,nan,nan,517.718,4.2,nan,nan,nan,nan,508.642,4.585,nan,nan,501.421,1.764,492.428,2.753,488.727,2.596,nan,nan,nan,nan,493.051,1.367,110000
1992,1,507.278,3.918,492.485,3.035,499.881,4.956,524.556,7.77,nan,nan,517.665,6.341,nan,nan,nan,nan,509.438,4.172,nan,nan,501.562,1.964,494.57,2.337,489.616,3.92,nan,nan,nan,nan,493.673,1.128,110000
1992,2,508.765,3.826,494.664,4.942,501.715,6.25,526.149,7.6,nan,nan,517.07,5.434,nan,nan,nan,nan,511.622,4.191,nan,nan,502.946,2.209,497.184,3.544,491.54,6.6,nan,nan,nan,nan,494.11,1.127,110000
1992,3,509.468,4.484,496.292,2.877,502.88,5.328,527.129,8.8,nan,nan,516.826,3.844,nan,nan,nan,nan,512.256,5.614,nan,nan,503.894,2.591,498.011,3.044,494.24,2.854,nan,nan,nan,nan,495.457,1.29,110000
1992,4,509.918,3.4,497.367,3.486,503.642,4.869,527.374,8.49,nan,nan,517.531,3.594,nan,nan,nan,nan,512.869,3.731,nan,nan,504.173,1.926,498.144,2.268,496.504,4.77,nan,nan,nan,nan,496.609,1.587,110000
1992,5,511.213,5.511,498.423,4.473,504.818,7.098,526.889,9.82,nan,nan,517.964,3.267,nan,nan,nan,nan,514.921,5.663,nan,nan,505.214,5.228,499.121,1.773,497.702,6.69,nan,nan,nan,nan,497.432,1.155,110000
1992,6,512.592,5.703,499.243,2.187,505.918,6.108,526.039,7.41,nan,nan,518.035,3.519,nan,nan,nan,nan,516.685,6.32,nan,nan,506.785,5.385,499.924,1.685,498.576,2.797,nan,nan,nan,nan,498.061,1.241,110000
1992,7,513.197,4.946,500.25,3.426,506.723,6.016,525.426,4.3,nan,nan,517.712,3.997,nan,nan,nan,nan,517.462,5.832,nan,nan,507.573,4.379,500.683,1.495,499.853,5.05,nan,nan,nan,nan,499.344,1.493,110000
1992,8,514.283,4.8,501.563,3.275,507.923,5.811,525.378,8.67,nan,nan,518.496,3.835,nan,nan,nan,nan,518.875,5.057,nan,nan,508.567,4.247,501.72,2.004,501.602,4.56,nan,nan,nan,nan,500.169,1.426,110000
1992,9,514.697,4.173,503.017,3.098,508.857,5.197,525.712,6.77,nan,nan,520.434,3.931,nan,nan,nan,nan,519.088,5.276,nan,nan,508.807,2.597,502.818,2.274,503.619,4.03,nan,nan,nan,nan,500.996,1.96,110000
1992,10,514.288,3.213,503.839,4.239,509.063,5.319,526.09,3.817,nan,nan,522.311,3.842,nan,nan,nan,nan,517.717,3.888,nan,nan,508.587,2.243,503.214,1.998,505.025,6.18,nan,nan,nan,nan,501.577,2.05,110000
1992,11,514.433,3.859,504.602,2.178,509.517,4.431,526.379,6.15,nan,nan,524.734,4.431,nan,nan,nan,nan,516.738,4.705,nan,nan,509.115,2.41,504.451,1.948,505.054,2.536,nan,nan,nan,nan,503.101,1.407,110000
1992,12,515.222,4.357,505.127,3.387,510.174,5.519,526.653,3.642,nan,nan,525.549,4.127,nan,nan,nan,nan,517.057,3.626,nan,nan,510.327,4.97,506.182,2.147,503.956,4.49,nan,nan,nan,nan,504.1,3.46,110000
1993,1,515.169,4.259,504.856,6.537,510.012,7.802,527.052,7.85,nan,nan,525.181,4.814,nan,nan,nan,nan,516.867,3.577,nan,nan,510.416,4.158,506.89,2.372,502.424,9.82,nan,nan,nan,nan,503.886,2.469,110000
1993,2,514.823,4.651,504.132,4.009,509.478,6.14,527.596,5.83,nan,nan,524.051,4.255,nan,nan,nan,nan,516.321,4.478,nan,nan,510.326,4.75,506.703,2.846,501.065,5.29,nan,nan,nan,nan,502.869,2.464,110000
1993,3,514.778,3.028,504.068,3.292,509.423,4.473,528.104,3.597,nan,nan,523.684,3.367,nan,nan,nan,nan,516.327,3.845,nan,nan,510.263,1.94,507.259,1.777,500.216,4.63,nan,nan,nan,nan,502.75,2.5,110000
1993,4,515.561,3.47,503.955,3.732,509.758,5.096,528.302,3.9,nan,nan,523.043,3.757,nan,nan,nan,nan,517.572,4.48,nan,nan,511.048,2.182,507.057,2.372,500.147,4.98,nan,nan,nan,nan,503.053,3.527,110000
1993,5,517.021,7.263,504.245,3.304,510.633,7.98,528.029,31.55,nan,nan,522.454,3.389,nan,nan,nan,nan,519.743,3.815,nan,nan,512.557,2.356,506.522,2.01,501.437,4.48,nan,nan,nan,nan,503.653,2.969,110000
1993,6,518.083,5.123,505.618,2.317,511.851,5.623,527.372,9.43,nan,nan,522.494,4.181,nan,nan,nan,nan,521.539,6.675,nan,nan,513.413,2.746,507.101,1.814,503.949,2.79,nan,nan,nan,nan,504.306,2.596,110000
1993,7,518.167,4.908,507.382,3.17,512.775,5.842,526.704,4.2,nan,nan,523.289,4.569,nan,nan,nan,nan,522.354,6.881,nan,nan,512.812,2.553,508.673,1.629,506.182,4.366,nan,nan,nan,nan,504.765,3.541,110000
1993,8,518.739,4.182,508.396,7.787,513.568,8.839,526.385,5.55,nan,nan,524.692,4.965,nan,nan,nan,nan,522.881,5.397,nan,nan,513.315,2.275,509.767,1.89,507.095,11.95,nan,nan,nan,nan,505.776,2.602,110000
1993,9,519.543,3.971,508.378,3.988,513.961,5.628,526.371,7.74,nan,nan,526.202,4.362,nan,nan,nan,nan,522.788,4.549,nan,nan,514.764,2.632,509.809,1.857,506.829,5.79,nan,nan,nan,nan,506.745,2.452,110000
1993,10,520.059,4.23,507.729,3.214,513.894,5.312,526.361,3.14,nan,nan,526.46,4.994,nan,nan,nan,nan,522.576,5.641,nan,nan,515.977,2.393,509.287,2.082,505.769,4.38,nan,nan,nan,nan,507.549,1.837,110000
1993,11,520.085,3.427,507.867,3.122,513.976,4.636,526.195,5.86,nan,nan,525.285,4.855,nan,nan,nan,nan,522.326,4.046,nan,nan,516.518,1.791,510.132,2.272,504.963,4.1,nan,nan,nan,nan,507.923,1.658,110000
1993,12,520.012,3.464,508.762,3.244,514.387,4.746,525.931,5.37,nan,nan,524.606,4.616,nan,nan,nan,nan,522.105,4.362,nan,nan,516.72,1.619,511.736,2.274,505.008,4.27,nan,nan,nan,nan,508.498,2.345,110000
1994,1,519.929,4.609,509.521,3.322,514.725,5.681,525.581,6.06,nan,nan,525.601,4.134,nan,nan,nan,nan,521.847,6.526,nan,nan,516.56,1.842,513.102,2.372,505.065,4.24,nan,nan,nan,nan,508.821,3.297,110000
1994,2,520.271,3.96,509.734,4.238,515.002,5.8,525.03,7.22,nan,nan,526.25,4.514,nan,nan,nan,nan,521.903,4.972,nan,nan,517.147,1.971,513.909,2.274,504.533,6.07,nan,nan,nan,nan,508.951,1.763,110000
1994,3,520.559,3.21,510.012,2.617,515.286,4.142,524.159,6.94,nan,nan,526.678,3.749,nan,nan,nan,nan,522.205,3.409,nan,nan,517.5,2.207,514.806,2.68,504.013,2.629,nan,nan,nan,nan,509.279,1.993,110000
1994,4,520.551,3.112,509.863,3.71,515.207,4.842,523.017,4.14,nan,nan,526.2,3.464,nan,nan,nan,nan,522.205,3.918,nan,nan,517.698,1.966,514.528,3.007,503.992,4.63,nan,nan,nan,nan,509.342,2.049,110000
1994,5,520.297,3.828,509.787,3.383,515.042,5.109,521.829,6.11,nan,nan,525.168,3.201,nan,nan,nan,nan,522.013,4.924,nan,nan,517.657,2.399,513.897,2.413,504.549,4.45,nan,nan,nan,nan,509.703,2.156,110000
1994,6,520.573,3.873,509.914,2.663,515.243,4.7,520.88,5.76,nan,nan,524.348,3.426,nan,nan,nan,nan,522.672,5.166,nan,nan,517.984,2.135,513.266,2.678,505.548,2.712,nan,nan,nan,nan,510.387,2.228,110000
1994,7,521.69,3.862,510.26,3.057,515.975,4.925,520.428,3.21,nan,nan,524.223,3.448,nan,nan,nan,nan,524.686,5.514,nan,nan,518.799,1.856,513.057,2.321,506.498,3.9,nan,nan,nan,nan,511.35,2.149,110000
1994,8,522.716,3.239,510.832,3.495,516.774,4.765,520.6,5.05,nan,nan,524.535,3.131,nan,nan,nan,nan,525.493,4.206,nan,nan,520.244,1.845,513.426,2.743,507.27,4.42,nan,nan,nan,nan,512.276,2.118,110000
1994,9,523.425,3.157,511.838,3.613,517.632,4.798,521.424,5.81,nan,nan,525.422,3.031,nan,nan,nan,nan,525.748,4.001,nan,nan,521.272,1.741,515.212,2.216,507.305,5.01,nan,nan,nan,nan,513.133,1.86,110000
1994,10,524.066,3.81,513.44,3.512,518.753,5.182,521.438,4.13,nan,nan,525.966,4.216,nan,nan,nan,nan,526.093,5.159,nan,nan,522.232,1.926,516.784,1.925,509.116,4.95,nan,nan,nan,nan,513.733,2.384,110000
1994,11,524.791,3.067,515.183,2.362,519.987,3.872,524.484,5.55,nan,nan,526.434,4.387,nan,nan,nan,nan,526.509,3.512,nan,nan,523.051,1.677,517.839,2.34,512.085,2.393,nan,nan,nan,nan,513.46,2.345,111000
1994,12,525.244,2.911,516.228,2.567,520.736,3.881,528.545,2.816,nan,nan,527.744,5.262,nan,nan,nan,nan,526.691,2.736,nan,nan,523.195,2.228,517.597,2.528,514.91,2.684,nan,nan,nan,nan,513.722,2.12,111000
1995,1,525.479,2.964,516.252,1.981,520.866,3.566,530.221,3.131,nan,nan,528.496,4.245,nan,nan,nan,nan,526.899,3.521,nan,nan,523.202,1.915,517.807,2.4,514.656,1.085,nan,nan,nan,nan,513.975,2.509,111000
1995,2,525.397,2.661,515.939,2.385,520.668,3.573,528.816,4.821,nan,nan,529.57,4.211,nan,nan,nan,nan,526.382,2.685,nan,nan,523.334,1.748,518.241,2.149,513.284,2.627,nan,nan,nan,nan,514.281,2.561,111000
1995,3,525.956,2.369,516.828,3.773,521.392,4.455,529.712,3.942,nan,nan,530.455,1.418,nan,nan,nan,nan,526.907,2.721,nan,nan,523.814,2.014,519.725,3.594,513.532,3.833,nan,nan,nan,nan,514.467,4.621,111000
1995,4,527.206,2.26,518.26,2,522.733,3.018,530.982,1.187,nan,nan,530.938,3.108,nan,nan,nan,nan,528.947,2.628,nan,nan,524.595,1.719,520.649,1.679,515.709,1.16,nan,nan,nan,nan,515.338,5.317,111000
1995,5,527.916,1.843,519.415,2.987,523.665,3.51,532.022,1.171,nan,nan,530.519,1.245,nan,nan,nan,nan,529.655,1.709,nan,nan,525.532,2.096,521.39,1.623,517.493,4.081,nan,nan,nan,nan,515.907,3.272,111000
1995,6,527.599,1.905,519.579,2.608,523.589,3.229,530.526,1.284,nan,nan,530.465,1.218,nan,nan,nan,nan,529.001,2.685,nan,nan,525.54,1.179,521.324,1.314,517.852,2.694,nan,nan,nan,nan,516.656,6.473,111000
1995,7,528.239,2.767,519.957,3.542,524.098,4.495,529.486,5.043,nan,nan,530.645,3.054,nan,nan,nan,nan,530.178,3.527,nan,nan,526.003,1.32,521.696,2.772,518.116,4.429,nan,nan,nan,nan,517.737,2.74,111000
1995,8,529.186,3.538,520.344,4.606,524.765,5.808,529.928,1.492,nan,nan,530.576,3.786,nan,nan,nan,nan,531.763,3.859,nan,nan,526.709,3.338,521.858,3.621,518.781,5.585,nan,nan,nan,nan,518.182,4.842,111000
1995,9,530.109,4.544,520.332,5.107,525.221,6.836,530.866,2.341,nan,nan,530.481,3.037,nan,nan,nan,nan,532.346,3.396,nan,nan,528.138,5.661,521.976,6.067,518.533,2.959,nan,nan,nan,nan,518.577,6.869,111000
1995,10,530.632,4.789,520.925,7.384,525.779,8.802,530.948,5.507,nan,nan,530.951,3.143,nan,nan,nan,nan,532.61,6.188,nan,nan,528.924,3.571,522.921,8.096,518.696,6.583,nan,nan,nan,nan,519.053,6.15,111000
1995,11,531.17,5.001,521.478,7.234,526.324,8.794,531.952,5.989,nan,nan,533.019,3.252,nan,nan,nan,nan,532.928,5.745,531.82,1.121,528.602,6.672,523.135,8.122,519.742,6.138,nan,nan,nan,nan,519.261,6.018,111000
1995,12,531.53,4.794,522.817,9.46,527.174,10.605,534.782,6.542,nan,nan,534.945,1.614,nan,nan,nan,nan,532.919,6.979,532.83,0.561,528.027,5.248,524.425,11.333,521.261,7.268,nan,nan,nan,nan,519.912,3.622,111000
1996,1,531.904,1.461,524.058,0.898,527.981,1.715,535.918,1.819,nan,nan,535.77,2.394,nan,nan,nan,nan,533.574,1.795,532.12,1.234,529.081,0.969,526.44,0.721,521.56,0.999,nan,nan,nan,nan,520.885,1.353,11000
1996,2,532.84,1.327,525.05,1.065,528.945,1.701,535.789,1.216,nan,nan,535.286,1.986,nan,nan,nan,nan,534.123,1.93,533.91,0.74,529.9,0.953,527.873,1.063,522.084,1.035,nan,nan,nan,nan,521.31,1.244,11000
1996,3,532.431,1.404,524.595,1.026,528.513,1.739,534.759,0.782,nan,nan,534.67,2.593,nan,nan,nan,nan,533.638,1.163,533.408,1.584,529.751,0.994,526.804,1.031,522.225,1.061,nan,nan,nan,nan,521.953,0.74,11000
1996,4,532.025,1.166,524.707,1.116,528.366,1.614,534.653,0.74,nan,nan,534.261,1.792,nan,nan,nan,nan,534.004,1.202,532.046,1.208,529.646,0.919,526.611,1.036,522.6,1.204,nan,nan,nan,nan,522.819,1.159,11000
1996,5,532.374,1.406,525.326,1.018,528.85,1.736,534.554,1.311,nan,nan,534.018,1.295,nan,nan,nan,nan,534.701,1.871,532.078,1.369,530.204,0.968,526.749,0.989,523.855,0.975,nan,nan,nan,nan,523.302,1.402,11000
1996,6,532.819,1.429,525.665,0.956,529.242,1.719,535.178,1.862,nan,nan,533.855,1.286,nan,nan,nan,nan,534.601,1.636,532.967,1.574,530.771,1.022,527.142,0.89,524.127,1.03,nan,nan,nan,nan,523.641,0.984,11000
1996,7,533.334,1.283,525.621,0.843,529.477,1.535,535.391,0.958,nan,nan,534.135,1.927,nan,nan,nan,nan,535.04,1.545,533.681,1.082,531.228,1.056,527.043,0.736,524.045,0.862,nan,nan,nan,nan,524.217,1.335,11000
1996,8,534.17,1.193,526.08,0.953,530.125,1.527,534.908,1.095,nan,nan,534.207,1.322,nan,nan,nan,nan,536.521,1.726,534.347,0.826,532.007,0.919,527.554,0.897,524.415,0.966,nan,nan,nan,nan,524.812,1.236,11000
1996,9,534.838,1.024,526.681,0.916,530.76,1.374,536.354,0.843,nan,nan,534.341,1.426,nan,nan,nan,nan,537.233,1.21,534.619,0.849,533.084,0.92,527.768,1.039,525.561,0.661,nan,nan,nan,nan,525.12,1.175,11000
1996,10,535.076,1.068,527.233,0.869,531.154,1.377,537.62,1.084,nan,nan,535.211,1.23,nan,nan,nan,nan,536.644,1.365,534.971,0.977,533.641,0.809,528.452,0.917,525.982,0.813,nan,nan,nan,nan,525.449,0.809,11000
1996,11,535.329,1.308,528.153,0.794,531.741,1.53,537.915,0.99,nan,nan,536.821,1.664,nan,nan,nan,nan,536.248,2.02,535.652,0.778,533.682,0.847,529.838,0.866,526.378,0.7,nan,nan,nan,nan,525.961,0.746,11000
1996,12,535.633,0.881,529.044,0.808,532.338,1.196,538.285,0.603,nan,nan,537.668,1.116,nan,nan,nan,nan,536.229,1.157,536.377,0.612,533.696,0.808,531.247,0.792,526.665,0.775,nan,nan,nan,nan,526.505,1.074,11000
1997,1,535.77,1.141,529.199,0.94,532.485,1.478,538.88,0.861,nan,nan,537.541,1.45,nan,nan,nan,nan,536.574,1.211,536.408,1.227,533.788,0.915,531.396,1.018,526.824,0.824,nan,nan,nan,nan,526.691,0.96,11000
1997,2,535.787,1.225,529.65,1.046,532.718,1.611,538.655,1.939,nan,nan,537.499,1.951,nan,nan,nan,nan,536.569,1.205,536.61,1.054,533.673,1.094,531.639,0.955,527.665,1.093,nan,nan,nan,nan,526.408,1.363,11000
1997,3,535.579,1.034,530.066,1.102,532.822,1.511,538.013,1.875,nan,nan,537.283,1.194,nan,nan,nan,nan,536.527,1.029,536.389,1.093,533.386,0.802,532.116,1.234,528.095,0.916,nan,nan,nan,nan,526.289,1.053,11000
1997,4,535.54,1.235,529.855,1.232,532.698,1.744,539.035,1.05,nan,nan,537.006,1.455,nan,nan,nan,nan,536.404,1.489,536.174,1.285,533.548,0.863,532.024,0.892,527.622,1.586,nan,nan,nan,nan,526.72,1.039,11000
1997,5,535.757,1.041,529.869,0.94,532.813,1.403,538.719,1.029,nan,nan,536.248,1.654,nan,nan,nan,nan,536.478,1.443,536.271,0.684,534.27,0.72,531.158,0.91,528.608,0.924,nan,nan,nan,nan,527.615,1.216,11000
1997,6,536.002,1.124,530.441,0.799,533.222,1.379,537.959,0.784,nan,nan,536.04,1.568,nan,nan,nan,nan,536.9,1.482,536.569,0.96,534.516,0.796,531.013,0.85,530.135,0.698,nan,nan,nan,nan,527.964,0.951,11000
1997,7,536.382,1.591,530.526,0.944,533.454,1.85,537.162,0.891,nan,nan,536.063,1.587,nan,nan,nan,nan,537.915,1.491,537.226,2.131,534.294,0.969,531.388,0.893,529.772,0.915,nan,nan,nan,nan,528.508,1.381,11000
1997,8,537.156,0.996,530.716,0.942,533.936,1.371,537.771,0.613,nan,nan,536.443,1.28,nan,nan,nan,nan,538.506,1.121,537.911,1.054,535.408,0.755,531.941,0.851,529.428,0.96,nan,nan,nan,nan,529.094,1.378,11000
1997,9,538.143,1.205,531.628,1.066,534.886,1.609,538.124,0.684,nan,nan,537.397,1.152,nan,nan,nan,nan,539.276,1.582,538.822,1.048,536.716,1.035,532.524,0.987,530.858,1.142,nan,nan,nan,nan,529.443,1.171,11000
1997,10,538.684,1.397,532.163,1.577,535.424,2.107,538.948,0.768,nan,nan,539.042,1.801,nan,nan,nan,nan,539.9,2.068,539.316,0.89,536.96,1.029,533.021,1.057,531.525,2.125,nan,nan,nan,nan,529.495,0.932,11000
1997,11,539.022,1.392,531.988,0.966,535.505,1.695,539.816,0.677,nan,nan,539.928,2.089,nan,nan,nan,nan,540.029,1.348,539.925,1.648,537.021,0.921,533.053,0.842,531.04,1.138,nan,nan,nan,nan,529.58,0.709,11000
1997,12,538.948,1.417,532.098,1.282,535.523,1.911,540.456,1.855,nan,nan,540.139,1.87,nan,nan,nan,nan,539.851,1.648,539.771,1.358,536.981,1.063,533.412,0.863,530.762,1.656,nan,nan,nan,nan,530.102,1.387,11000
1998,1,538.992,1.161,532.116,1.331,535.554,1.766,541.357,1.155,nan,nan,540.037,1.908,nan,nan,nan,nan,539.947,1.269,540.175,0.999,536.578,0.983,533.471,1.434,530.755,1.265,nan,nan,nan,nan,529.965,0.799,11000
1998,2,539.008,1.439,531.998,1.103,535.503,1.813,540.861,1.756,nan,nan,539.865,2.315,nan,nan,nan,nan,539.562,1.8,540.508,0.92,536.691,1.227,533.199,0.785,530.873,1.308,nan,nan,nan,nan,529.606,1.677,11100
1998,3,539.03,1.241,531.591,1.173,535.311,1.708,539.982,1.299,nan,nan,539.708,1.635,nan,nan,nan,nan,539.387,1.318,539.895,1.27,537.633,1.018,532.646,1.401,530.643,0.812,nan,nan,nan,nan,529.265,1.083,11100
1998,4,538.927,1.15,531.759,0.977,535.343,1.509,539.764,0.923,nan,nan,540.432,1.627,nan,nan,nan,nan,539.374,1.311,539.042,1.068,538.031,0.962,532.802,1.067,530.688,0.874,nan,nan,nan,nan,530.227,0.827,11100
1998,5,539.172,1.151,532.147,0.976,535.66,1.509,540.714,0.574,nan,nan,540.378,1.874,nan,nan,nan,nan,539.544,1.63,539.282,0.653,538.343,0.859,533.163,0.929,531.023,1.019,nan,nan,nan,nan,531.139,1.057,11100
1998,6,539.362,1.286,532.744,0.807,536.053,1.518,540.539,0.99,nan,nan,539.887,1.274,nan,nan,nan,nan,539.86,1.481,539.602,1.556,538.489,0.721,533.775,0.884,531.556,0.669,nan,nan,nan,nan,531.991,0.931,11100
1998,7,539.335,0.842,532.927,0.86,536.131,1.203,540.929,1.392,nan,nan,539.218,0.845,nan,nan,nan,nan,540.639,0.976,539.161,0.712,538.328,0.773,533.908,0.953,531.902,0.743,nan,nan,nan,nan,531.603,0.757,11100
1998,8,539.764,0.873,533.455,0.795,536.61,1.181,540.006,0.937,nan,nan,539.059,0.943,nan,nan,nan,nan,540.992,1.159,539.913,0.439,538.756,0.907,534.248,0.911,532.732,0.59,nan,nan,nan,nan,531.772,0.901,11100
1998,9,540.182,1.092,534.534,1.468,537.358,1.83,540.007,1.026,nan,nan,539.474,0.792,nan,nan,nan,nan,541.169,1.458,540.354,1.006,539.384,0.869,535.143,1.462,534.035,1.554,nan,nan,nan,nan,532.907,0.89,11100
1998,10,541.429,1.217,535.695,1.501,538.562,1.933,540.85,0.898,nan,nan,540.159,1.042,543.83,1.192,nan,nan,541.191,1.778,540.739,0.969,539.611,0.943,536.616,1.783,534.77,0.982,nan,nan,nan,nan,534.235,1.692,11100
1998,11,541.283,1.186,535.998,1.416,538.64,1.847,542.553,1.688,nan,nan,540.589,0.729,543.129,1.69,nan,nan,541.174,1.088,540.767,0.742,539.587,0.82,537.238,1.617,534.761,1.19,nan,nan,nan,nan,533.973,0.946,11100
1998,12,542.085,1.338,535.818,0.965,538.951,1.65,542.906,1.228,nan,nan,541.608,0.616,545.03,1.271,nan,nan,541.06,1.736,541.505,1.591,539.796,0.79,537.237,0.578,534.378,1.22,nan,nan,nan,nan,533.647,1.459,11100
1999,1,541.788,1.142,536.092,0.697,538.94,1.338,543.631,1.244,nan,nan,542.678,0.548,543.387,0.859,nan,nan,541.249,1.283,541.536,1.648,540.077,0.735,537.742,0.47,534.363,0.813,nan,nan,nan,nan,533.882,1.199,11100
1999,2,541.707,1.074,536.385,0.713,539.046,1.29,544.04,1.174,nan,nan,542.44,0.514,543.131,1.318,nan,nan,541.581,1.369,541.281,0.637,540.045,0.873,537.866,0.488,534.842,0.896,nan,nan,nan,nan,534.348,0.899,11100
1999,3,541.576,1.402,536.569,0.998,539.072,1.721,543.886,1.35,nan,nan,541.851,0.376,542.364,0.772,nan,nan,542.015,2.379,541.429,1.474,540.089,0.957,537.524,0.478,535.716,1.392,nan,nan,nan,nan,534.434,1.102,11100
1999,4,541.453,1.061,536.432,1.267,538.942,1.653,543.078,1.12,nan,nan,541.802,1.202,541.923,0.523,nan,nan,541.599,1.586,541.969,1.075,539.992,0.98,537.249,1.443,535.692,1.063,nan,nan,nan,nan,534.655,0.917,11100
1999,5,541.534,0.931,536.549,0.653,539.042,1.137,542.005,1.204,nan,nan,541.802,0.384,542.182,0.721,nan,nan,541.172,1.031,542.457,1.169,539.981,0.868,537.438,0.418,535.68,0.705,nan,nan,nan,nan,534.99,1.373,11100
1999,6,541.506,1.165,536.383,0.56,538.944,1.292,541.335,0.708,nan,nan,541.53,0.321,542.424,1.29,nan,nan,541.495,1.378,541.782,1.05,540.085,1.069,537.192,0.411,535.544,0.58,nan,nan,nan,nan,535.256,1.12,11100
1999,7,541.639,1.092,536.579,0.569,539.109,1.231,540.867,0.778,nan,nan,541.351,0.353,542.484,1.025,nan,nan,542.426,1.297,541.334,0.942,540.372,1.256,537.388,0.382,535.726,0.619,nan,nan,nan,nan,535.53,1.138,11100
1999,8,541.762,0.976,536.831,0.624,539.296,1.158,541.817,1.07,nan,nan,541.255,0.354,542.401,0.953,nan,nan,542.656,1.429,541.277,0.962,540.818,0.567,537.445,0.368,536.158,0.761,nan,nan,nan,nan,536.182,1.084,11100
1999,9,542.152,0.875,537.092,0.639,539.622,1.084,543.01,0.876,nan,nan,541.55,0.487,542.196,0.932,nan,nan,542.82,1.141,542.479,0.83,541.282,0.631,537.402,0.399,536.724,0.774,nan,nan,nan,nan,536.925,1.074,11100
1999,10,542.925,1.005,537.198,0.635,540.061,1.189,542.687,0.949,nan,nan,542.479,0.751,542.926,0.805,nan,nan,542.908,1.21,543.925,1.351,542.06,0.632,537.373,0.468,537.032,0.709,nan,nan,nan,nan,536.859,1.094,11100
1999,11,543.384,0.933,537.611,0.771,540.497,1.211,542.712,1.096,nan,nan,543.78,0.738,543.83,0.981,nan,nan,543.04,1.336,544.176,0.756,542.278,0.597,538.015,0.403,537.224,0.947,nan,nan,nan,nan,536.856,1.431,11100
1999,12,543.444,1.014,538.367,0.797,540.906,1.29,543.91,0.549,nan,nan,544.779,0.439,543.984,0.814,nan,nan,543.036,1.387,543.855,1.259,542.331,0.683,538.854,0.428,537.97,1.072,nan,nan,nan,nan,537.062,1.005,11100
2000,1,543.522,0.928,538.602,0.723,541.062,1.176,544.694,1.054,nan,nan,545.346,0.331,544.283,0.799,nan,nan,543.086,1.194,543.803,1.063,542.108,0.748,539.299,0.399,537.908,0.937,nan,nan,nan,nan,537.455,1.078,11100
2000,2,543.587,0.946,538.556,0.93,541.071,1.327,544.795,1.226,nan,nan,545.36,0.373,544.627,1.047,nan,nan,542.874,1.295,543.958,0.765,541.964,0.657,539.479,0.93,537.569,1.001,nan,nan,nan,nan,537.433,0.271,11100
2000,3,543.463,1.059,538.42,0.565,540.942,1.201,545.624,1.077,nan,nan,544.878,0.25,544.47,1.2,nan,nan,543.417,1.036,543.335,1.288,541.83,0.679,539.453,0.358,537.301,0.778,nan,nan,nan,nan,537.249,0.276,11100
2000,4,543.793,1.173,538.669,0.743,541.231,1.388,545.579,1.468,nan,nan,544.312,0.293,544.375,1.359,nan,nan,544.119,1.515,544.194,1.065,542.105,0.7,539.303,0.426,538.118,1.045,nan,nan,nan,nan,537.164,0.406,11100
2000,5,544.426,0.974,538.589,1.376,541.508,1.686,545.721,1.138,nan,nan,544.388,0.3,544.366,0.917,nan,nan,544.804,1.255,545.711,1.103,542.796,0.686,538.681,1.41,538.66,1.44,nan,nan,nan,nan,537.502,0.364,11100
2000,6,544.838,1.119,538.809,0.943,541.823,1.463,545.306,1.603,nan,nan,544.611,0.381,544.211,0.787,nan,nan,545.625,1.532,546.19,1.424,543.647,0.719,538.521,0.352,539.364,1.409,nan,nan,nan,nan,537.72,0.44,11100
2000,7,544.516,1.441,538.974,1.403,541.745,2.011,544.356,0.953,nan,nan,544.544,0.376,543.75,0.97,nan,nan,546.076,1.641,545.013,2.261,543.731,0.727,538.885,1.32,539.24,1.596,nan,nan,nan,nan,538.089,0.525,11100
2000,8,543.901,0.853,539.029,0.752,541.465,1.137,543.655,0.562,nan,nan,544.094,0.349,543.374,0.937,nan,nan,545.595,1.152,544.018,0.754,543.056,0.622,539.349,0.395,538.678,1.075,nan,nan,nan,nan,538.693,0.413,11100
2000,9,544.037,0.963,539.144,0.571,541.591,1.119,544.086,0.911,nan,nan,544.545,0.38,543.705,1.039,nan,nan,545.329,0.988,544.248,1.247,543.078,0.5,539.557,0.35,538.686,0.786,nan,nan,nan,nan,538.738,0.373,11100
2000,10,544.902,0.967,539.332,0.572,542.117,1.123,544.877,0.582,nan,nan,545.294,0.375,544.875,0.97,nan,nan,545.671,1.238,545.381,0.824,543.746,0.966,539.755,0.35,538.912,0.784,nan,nan,nan,nan,538.635,0.412,11100
2000,11,545.334,0.89,539.436,0.575,542.385,1.059,545.904,0.765,nan,nan,545.927,0.386,545.623,0.827,nan,nan,545.884,1.304,545.797,0.828,543.869,0.678,539.984,0.332,538.817,0.788,nan,nan,nan,nan,538.962,0.529,11100
2000,12,545.157,0.794,539.693,0.69,542.425,1.053,546.254,0.972,nan,nan,545.963,0.44,545.747,0.736,nan,nan,545.69,0.986,545.314,0.995,543.534,0.422,540.429,0.387,538.844,0.938,nan,nan,nan,nan,539.157,0.748,11100
2001,1,545.088,0.798,540.081,0.58,542.584,0.986,546.43,0.604,nan,nan,546.184,0.475,545.928,0.743,nan,nan,545.215,0.968,545.215,1.007,543.419,0.49,541.102,0.459,539.011,0.693,nan,nan,nan,nan,538.702,0.655,11100
2001,2,545.167,0.782,539.909,1.199,542.538,1.431,546.7,0.68,nan,nan,546.186,0.592,546.219,0.78,nan,nan,544.794,0.682,545.49,0.909,543.439,0.768,541.308,0.634,538.35,1.703,nan,nan,nan,nan,538.57,0.786,11100
2001,3,544.973,1.216,539.484,0.756,542.229,1.432,546.454,0.742,nan,nan,546.126,0.373,546.22,1.038,nan,nan,544.706,0.725,545.017,1.888,543.168,1.034,540.976,0.568,538.029,0.791,nan,nan,538.04,1.364,538.421,0.837,11100
2001,4,544.91,0.801,539.344,0.84,542.127,1.16,546.117,0.569,nan,nan,545.668,0.394,546.223,1.037,nan,nan,544.748,0.791,545.057,0.845,542.947,0.412,540.315,0.549,538.569,1.001,nan,nan,537.98,1.377,538.118,0.833,11100
2001,5,544.956,0.812,539.356,0.644,542.156,1.036,546.555,1.015,nan,nan,545.372,0.356,545.928,0.917,nan,nan,545.174,0.937,545.404,0.844,542.856,0.534,539.838,0.486,539.297,0.672,nan,nan,537.591,1.013,538.022,0.927,11100
2001,6,544.807,0.715,539.533,0.699,542.17,1,546.324,0.884,nan,nan,544.994,0.375,545.674,0.577,nan,nan,545.678,1.147,544.773,0.718,542.853,0.376,540.026,0.387,539.328,0.873,nan,nan,538.257,1.171,538.447,0.675,11100
2001,7,544.352,0.801,539.926,0.651,542.139,1.032,545.098,1.039,nan,nan,544.566,0.483,544.976,0.95,nan,nan,545.625,1.003,543.932,0.749,542.828,0.387,540.728,0.332,539.273,0.721,nan,nan,538.858,1.412,538.929,0.704,11100
2001,8,544.235,0.72,540.237,0.769,542.236,1.053,544.112,1.235,nan,nan,543.9,0.447,544.661,0.813,nan,nan,545.304,0.936,544.118,0.634,543.03,0.375,541.14,0.485,539.53,0.831,nan,nan,538.812,1.61,539.185,0.704,11100
2001,9,544.566,0.9,540.024,0.621,542.295,1.093,544.153,1.081,nan,nan,543.656,0.446,544.875,1.414,nan,nan,545.264,0.668,544.993,0.637,543.425,0.327,540.746,0.364,539.318,0.762,nan,nan,539.074,1.051,539.798,0.598,1100
2001,10,545.268,0.664,540.334,0.615,542.801,0.905,544.86,0.719,nan,nan,544.203,0.543,545.802,0.651,nan,nan,545.664,0.949,545.829,0.65,543.988,0.361,540.927,0.407,539.693,0.652,nan,nan,539.862,1.153,540.169,0.809,1100
2001,11,545.697,0.949,540.86,0.832,543.279,1.262,545.636,1.102,nan,nan,545.144,0.372,546.037,0.619,nan,nan,546.105,0.985,546.462,1.123,544.302,1.133,541.338,0.333,540.414,1.229,nan,nan,540.286,0.579,540.527,0.807,1100
2001,12,545.934,0.924,541.18,0.813,543.557,1.231,546.551,1.117,nan,nan,545.708,0.462,546.48,0.575,nan,nan,546.874,0.992,546.364,1.45,544.044,0.525,541.797,0.418,540.671,1.117,nan,nan,540.247,0.821,540.574,0.927,1100
2002,1,545.956,0.96,541.118,0.78,543.537,1.237,546.525,0.818,nan,nan,545.653,0.773,546.454,0.841,nan,nan,547.492,1.175,546.297,1.259,543.751,0.503,541.996,0.376,540.275,0.885,nan,nan,540.036,1.449,540.667,1.204,1100
2002,2,546.223,1.229,541.37,0.878,543.796,1.511,546.069,1.247,nan,nan,545.495,0.625,546.711,0.928,547.74,2.062,547.718,1.339,545.997,1.099,543.58,0.684,542.349,0.268,540.556,1.245,nan,nan,539.745,1.391,540.587,0.402,1100
2002,3,545.672,1.234,541.082,0.827,543.377,1.485,546.512,1.329,nan,nan,545.492,0.666,546.529,1.661,545.995,1.179,546.563,1.066,545.663,1.37,543.576,0.49,541.903,0.355,540.397,1.197,nan,nan,539.61,1,540.56,0.355,1100
2002,4,545.657,1.232,540.473,0.771,543.065,1.453,547.069,1.631,nan,nan,545.211,0.711,546.427,1.339,547.438,1.101,545.518,1.426,545.562,1.321,543.437,0.943,541.236,0.347,539.752,1.096,nan,nan,539.226,1.03,540.346,0.301,1100
2002,5,545.28,0.782,540.424,0.618,542.852,0.996,546.375,0.535,nan,nan,544.546,0.85,545.889,0.628,545.764,0.763,544.817,1.191,545.992,0.81,543.847,0.463,540.838,0.376,540.105,0.819,nan,nan,539.512,0.822,540.183,0.403,1100
2002,6,545.063,0.718,541.015,0.78,543.039,1.06,545.368,0.517,nan,nan,543.925,0.997,545.621,0.678,545.614,0.634,544.209,0.445,545.731,0.918,544.172,0.723,541.007,0.42,541.319,0.916,nan,nan,540.136,1.633,540.259,0.484,1100
2002,7,544.65,0.834,541.058,0.56,542.854,1.004,545.174,0.539,nan,nan,543.699,0.787,545.032,0.668,545.425,0.823,543.578,1.353,545.083,0.823,544.15,0.417,541.011,0.364,541.344,0.688,nan,nan,540.377,0.857,540.475,0.518,1100
2002,8,544.278,1.038,540.558,0.65,542.418,1.225,544.995,0.551,nan,nan,543.476,0.668,544.123,0.669,545.067,1.01,543.471,1.967,544.99,0.817,543.901,0.529,540.721,0.389,540.426,0.815,nan,nan,540.278,1.089,540.414,0.452,1100
2002,9,544.641,0.794,540.498,0.632,542.57,1.014,545.111,0.518,nan,nan,543.556,0.584,543.795,0.856,546.143,0.747,543.975,1.009,545.588,0.856,544.308,0.487,540.721,0.38,540.181,0.841,nan,nan,540.888,0.82,540.257,0.449,1100
2002,10,545.39,0.802,541.065,0.574,543.227,0.987,545.685,0.534,nan,nan,544.217,0.589,545.26,1.061,547.223,1.032,544.598,0.496,545.605,0.716,544.754,0.5,541.206,0.409,540.99,0.668,nan,nan,541.315,1.023,540.175,0.29,1100
2002,11,545.915,0.708,541.128,0.758,543.521,1.037,546.727,0.828,nan,nan,544.826,0.873,546.412,0.867,547.646,0.623,544.968,0.674,545.88,0.706,544.874,0.487,541.229,0.689,541.201,0.828,nan,nan,541.018,1.017,540.061,0.426,1100
2002,12,545.62,0.904,540.908,0.818,543.264,1.219,546.921,0.962,nan,nan,544.807,0.63,545.76,1.184,547.07,1.008,544.628,0.667,546.013,0.951,544.76,0.463,541.504,0.422,540.38,1.166,nan,nan,540.845,0.91,539.616,0.361,1100
2003,1,545.335,1.053,540.552,0.602,542.944,1.213,546.542,0.991,nan,nan,545.016,0.548,545.413,1.338,546.579,1.273,544.539,0.735,545.884,1.147,544.3,0.536,541.415,0.468,539.601,0.705,nan,nan,540.841,0.917,539.364,0.349,1100
2003,2,545.357,0.778,540.752,0.537,543.055,0.945,546.667,0.548,nan,nan,545.679,0.476,546.24,0.902,546.013,0.91,544.3,0.553,545.719,0.994,544.014,0.366,541.647,0.52,539.909,0.577,nan,nan,540.593,0.588,539.183,0.322,1100
2003,3,545.364,0.858,540.926,0.55,543.145,1.019,546.204,0.525,nan,nan,545.802,0.492,546.338,1.112,546.283,0.901,544.228,0.693,545.583,0.898,543.919,0.575,541.815,0.391,540.386,0.719,nan,nan,539.434,0.558,539.07,0.398,1100
2003,4,545.195,0.979,540.786,0.896,542.99,1.327,544.878,1.301,nan,nan,544.826,0.984,546.427,0.638,546.021,1.167,543.866,1.458,545.617,0.978,543.742,0.565,541.656,0.892,540.212,0.893,nan,nan,539.504,1.19,539.049,0.46,1100
2003,5,544.532,1.163,540.137,0.703,542.334,1.359,544.484,0.928,nan,nan,543.596,0.578,545.502,1.421,544.941,1.977,543.781,0.614,545.052,0.838,543.284,0.433,540.806,0.368,539.451,0.836,nan,nan,539.886,1.454,539.419,0.454,1100
2003,6,544.13,0.768,540.123,1.027,542.127,1.282,545.045,0.66,nan,nan,543.141,0.534,544.638,0.958,544.59,1.034,543.684,0.488,544.588,0.771,543.161,0.39,540.638,0.367,539.563,1.55,nan,nan,539.877,0.864,539.826,0.612,1100
2003,7,543.777,0.785,540.446,0.577,542.112,0.975,544.541,0.757,nan,nan,542.977,0.845,543.628,0.95,544.369,0.879,544.449,0.587,543.704,0.9,543.131,0.373,541.034,0.378,539.898,0.769,nan,nan,539.672,0.587,540.107,0.489,1100
2003,8,543.946,0.701,540.827,0.707,542.387,0.995,544.388,0.948,nan,nan,542.612,0.635,543.748,0.764,544.222,0.817,544.945,0.47,544.085,0.884,543.287,0.377,541.28,0.394,540.429,0.887,nan,nan,540.299,1.264,540.353,0.448,1100
2003,9,544.309,0.722,540.864,0.722,542.586,1.021,544.52,0.724,nan,nan,542.211,0.833,544.714,0.904,544.479,0.827,545.133,0.64,544.233,0.649,543.524,0.407,541.232,0.405,540.542,0.975,nan,nan,540.34,0.929,540.563,0.555,1100
2003,10,545.059,1.201,541.103,0.82,543.081,1.455,545.312,0.812,nan,nan,542.669,0.637,546.025,1.962,545.53,1.3,544.734,0.696,545.452,0.733,543.846,0.434,541.107,0.391,541.389,1.138,nan,nan,540.107,1.183,540.495,0.37,1100
2003,11,545.185,1.08,541.634,0.601,543.41,1.236,545.867,0.712,nan,nan,543.928,0.7,546.289,1.595,545.33,0.997,544.537,0.743,545.782,1.067,543.823,0.544,541.826,0.388,541.904,0.78,nan,nan,540.02,0.817,540.387,0.395,1100
2003,12,544.989,0.805,541.745,0.625,543.367,1.019,546.176,0.871,nan,nan,544.302,1.652,545.558,0.902,545.764,0.743,544.074,0.707,545.808,0.788,543.619,0.424,542.272,0.364,541.677,0.816,nan,nan,539.69,0.795,540.446,0.676,1100
2004,1,544.86,0.799,541.412,0.82,543.136,1.145,545.826,0.73,nan,nan,543.784,0.991,545.667,0.761,545.812,0.758,544.004,0.641,545.295,1.154,543.489,0.433,542.219,0.548,540.92,1.111,nan,nan,539.307,0.825,540.56,0.389,1100
2004,2,544.784,1.005,541.328,0.582,543.056,1.162,546.175,0.797,nan,nan,543.7,2.041,545.648,0.876,545.948,0.808,543.85,0.656,545.107,0.752,543.31,1.357,542.318,0.522,540.616,0.657,nan,nan,539.139,0.703,540.481,0.348,1100
2004,3,544.747,0.729,541.245,0.679,542.996,0.996,546.156,0.829,nan,nan,544.461,0.534,545.691,0.606,545.83,1.2,543.97,0.548,544.9,0.755,543.096,0.454,542.317,0.564,540.435,0.826,nan,nan,538.912,0.762,540.518,0.323,1100
2004,4,544.474,0.811,540.714,0.71,542.594,1.078,545.408,1.028,nan,nan,544.907,0.631,545.017,0.924,545.622,0.641,543.752,0.509,544.637,1.098,543.105,0.639,541.786,0.534,539.741,0.868,nan,nan,538.856,0.976,540.426,0.434,1100
2004,5,544.224,0.947,540.205,0.75,542.215,1.208,544.639,1.353,nan,nan,544.66,0.589,544.691,1.288,544.869,1.057,543.439,0.656,544.378,0.959,543.462,0.382,541.05,0.46,539.547,0.994,539.51,0.757,538.796,1.04,540.305,0.354,1100
2004,6,543.917,0.808,540.122,0.629,542.019,1.024,543.934,0.95,542.79,0.935,543.834,0.751,544.736,0.833,544.626,0.994,542.886,0.88,543.714,0.838,543.607,0.37,540.765,0.513,539.548,0.788,539.98,0.618,538.812,0.625,540.312,0.321,1100
2004,7,543.657,0.842,540.281,0.696,541.969,1.092,543.772,0.977,542.76,1.025,543.134,0.67,544.148,0.947,544.32,0.937,542.986,1.028,543.484,0.774,543.523,0.356,540.872,0.412,539.984,0.826,539.09,1.067,539.124,1.027,540.627,0.297,1100
2004,8,543.202,0.767,540.499,0.818,541.851,1.121,543.288,0.621,541.79,1.018,542.806,0.525,543.003,0.584,543.764,0.791,543.112,1.228,543.26,0.737,543.402,0.403,541.007,0.533,540.003,0.758,nan,nan,539.494,2.088,540.708,0.301,1100
2004,9,542.96,0.949,540.468,0.952,541.714,1.344,543.921,0.83,542.287,0.972,542.591,0.452,542.222,0.599,543.236,1.624,543.231,1.19,543.163,0.855,543.39,0.337,540.905,0.558,540.084,1.088,nan,nan,539.263,2.04,540.76,0.432,1100
2004,10,543.709,1.106,540.695,1.463,542.202,1.834,544.466,1.462,543.535,1.282,543.106,0.509,543.199,1.387,544.39,1.155,543.297,0.963,544.256,1.25,543.705,0.438,541.201,0.692,540.316,2.199,nan,nan,539.167,0.919,540.794,0.474,1100
2004,11,544.246,0.873,540.853,0.969,542.55,1.304,544.764,1.081,544.032,1.397,543.671,0.462,544.077,0.588,544.951,1.053,543.476,0.756,545.034,1.242,543.864,0.466,541.51,0.7,540.277,1.298,nan,nan,539.549,0.822,540.73,0.456,1100
2004,12,544.126,0.965,540.777,0.905,542.451,1.323,545.035,0.902,543.853,1.307,543.586,0.585,544.268,1.161,544.795,1.105,543.318,0.735,544.6,1.095,543.687,0.446,541.66,0.644,540.023,1.124,nan,nan,539.271,1.364,540.23,0.325,1100
2005,1,543.887,1.147,540.518,0.872,542.202,1.441,545.423,0.881,543.871,1.507,542.946,0.525,544.276,1.761,544.609,0.624,543.133,0.837,543.922,1.21,543.468,0.483,541.447,0.595,539.675,1.143,nan,nan,539.275,1.11,539.855,0.296,1100
2005,2,544.1,0.969,540.557,0.686,542.329,1.187,545.059,1.196,543.522,1.844,542.653,1.246,544.282,1.022,545.144,0.932,543.299,0.968,544.74,0.909,543.407,0.513,541.446,0.539,539.928,0.858,nan,nan,538.969,0.792,539.325,0.3,1100
2005,3,544.114,1.317,540.292,1.473,542.203,1.976,544.742,1.271,543.092,1.185,543.079,0.637,544.57,1.788,544.684,1.046,543.211,0.95,544.998,1.713,543.324,0.501,541.432,0.707,539.485,2.197,nan,nan,538.103,1.124,538.885,0.324,1100
2005,4,543.749,1.113,539.597,0.77,541.673,1.353,544.335,0.931,542.966,0.755,543.606,0.504,544.333,1.566,544.065,1.294,542.731,0.76,544.261,1.118,543.214,0.524,540.839,0.56,538.824,0.915,538.73,1.141,537.46,0.825,538.451,0.308,1100
2005,5,543.29,1.011,539.455,0.838,541.373,1.313,543.317,1.159,542.745,1.024,543.487,0.561,543.824,1.351,543.559,1.178,542.287,0.834,543.502,0.938,543.072,0.498,540.292,0.538,538.428,1.081,541.27,1.198,537.687,0.778,538.458,0.287,1100
2005,6,542.932,1.011,539.127,0.702,541.029,1.231,543.118,0.806,541.978,0.606,543.024,0.473,543.328,1.521,542.961,0.859,542.385,0.6,543.116,1.136,542.833,0.492,539.899,0.508,538.448,0.837,538.8,0.999,538.425,0.812,538.574,0.321,1100
2005,7,542.742,0.848,539.497,1.012,541.119,1.321,542.746,0.955,542.181,0.534,542.659,0.57,542.546,1.076,542.818,1.01,542.902,0.593,542.956,0.945,542.724,0.464,539.92,0.527,538.537,1.337,541.99,1.139,538.922,1.593,538.891,0.318,1100
2005,8,542.299,0.914,539.56,0.701,540.93,1.152,542.686,0.907,542.053,0.909,542.251,0.615,541.358,1.01,542.787,1.164,542.932,0.634,542.373,1.066,542.541,0.586,540.029,0.494,539.097,0.876,539.61,0.906,539.031,0.781,539.275,0.329,1100
2005,9,542.349,0.936,539.923,0.783,541.136,1.22,542.884,0.909,542.018,0.519,542.142,0.493,541.658,0.99,542.98,0.999,542.192,1.062,542.787,1.042,542.474,0.713,540.598,0.506,539.589,0.82,538.93,1.468,538.747,1.053,539.593,0.325,1100
2005,10,542.906,1.012,540.138,0.853,541.522,1.323,543.59,0.838,542.12,1.198,542.365,0.511,542.512,0.859,543.373,1.289,542.19,1.048,544.041,1.251,542.706,0.621,540.705,0.514,539.699,1.128,nan,nan,538.966,1.252,539.753,0.303,1100
2005,11,543.245,1.083,540.36,0.8,541.803,1.347,543.549,1.643,542.239,1.246,542.732,0.449,542.76,0.916,543.774,1.206,542.476,1.421,544.511,1.166,543.096,0.707,540.795,0.612,540.133,0.834,nan,nan,539.176,1.639,539.735,0.278,1100
2005,12,543.229,1.286,540.432,1.022,541.83,1.643,543.687,1.157,542.474,2.672,542.463,0.459,543.357,1.374,544.022,1.141,541.837,1.349,543.961,1.332,543.122,0.758,540.695,0.709,540.49,1.34,nan,nan,539.244,1.243,539.421,0.379,1100
2006,1,543.063,1.246,539.999,0.927,541.531,1.553,543.077,1.256,542.762,1.437,542.108,0.466,544.105,1.614,543.916,1.474,541.098,1.019,543.189,1.173,542.809,0.713,540.818,0.758,539.53,1.111,539.027,0.894,539.162,1.239,538.976,0.382,1100
2006,2,542.656,1.293,539.617,0.91,541.137,1.581,543.177,1.173,542.33,0.693,541.811,0.573,543.713,1.63,543.187,1.649,540.776,0.94,543.008,1.346,542.283,0.822,540.843,0.703,538.548,0.889,539.01,1.503,538.742,1.42,538.57,0.372,1100
2006,3,542.397,1.164,539.177,0.992,540.787,1.529,543.14,1.251,541.798,0.834,541.89,0.805,543.3,1.274,542.832,1.118,540.708,1.631,542.83,0.988,542.017,0.836,540.106,0.67,538.311,1.355,539.27,0.976,538.24,0.922,538.191,0.445,1100
2006,4,542.441,1.05,538.896,0.724,540.668,1.275,543.148,1.006,542.071,0.916,542.001,0.573,543.177,1.058,542.558,1.277,541.194,1.073,543.109,1.176,541.875,0.759,539.494,0.658,538.527,0.717,nan,nan,537.754,1.196,537.829,0.528,1100
2006,5,542.035,0.886,538.67,0.817,540.353,1.205,542.656,0.64,541.445,0.84,542.181,0.497,542.549,0.664,542.053,1.163,541.129,1.038,542.466,1.092,541.707,0.541,539.341,0.741,538.177,0.93,nan,nan,537.725,0.909,537.584,0.485,1100
2006,6,541.543,0.961,538.422,0.783,539.983,1.239,542.229,0.978,540.449,0.995,541.443,0.545,541.604,1.116,541.702,0.973,541.154,1.049,541.942,1.065,541.45,0.512,539.1,0.658,538.108,0.818,537.39,1.142,537.609,0.971,537.607,0.488,1100
2006,7,541.024,0.864,538.42,0.813,539.722,1.187,541.641,0.87,540.048,0.513,540.344,0.457,540.5,0.95,541.384,0.752,541.378,1.099,541.327,1.02,541.116,0.503,538.546,0.583,538.648,0.974,538.06,1.133,537.346,0.913,537.848,0.525,1100
2006,8,540.563,0.624,538.708,0.705,539.636,0.941,540.51,0.77,539.869,0.954,539.503,0.285,539.802,0.634,541.057,0.677,541.044,0.683,541.036,0.549,540.664,0.534,538.459,0.584,538.961,0.846,540.16,0.577,537.718,0.89,538.029,0.547,1100
2006,9,540.312,0.863,538.485,0.827,539.399,1.195,539.806,0.904,539.393,0.93,539.501,0.33,539.805,1.209,541.195,0.967,540.161,0.603,540.67,0.76,540.439,0.523,538.607,0.57,538.618,0.95,537.95,1.102,538.146,1.245,537.961,0.601,1100
2006,10,540.537,0.842,538.298,0.798,539.417,1.16,540.125,0.744,539.9,0.836,539.822,0.368,540.36,1.084,541.309,0.787,540.259,0.699,540.752,0.938,540.49,0.589,538.689,0.535,538.072,0.935,537.28,1.063,538.496,1.235,537.989,0.405,1100
2006,11,540.698,0.892,538.365,0.775,539.532,1.182,540.963,1.097,540.586,0.788,540.365,0.402,540.533,1.114,541.135,1.058,540.079,0.642,541.283,0.811,540.55,0.751,538.686,0.466,538.007,0.978,nan,nan,538.501,1.328,537.92,0.358,1100
2006,12,540.617,0.825,538.149,1.028,539.383,1.318,541.156,0.919,540.803,0.79,539.964,0.407,540.675,0.817,541.138,0.999,539.644,0.623,541.066,0.994,540.527,0.701,538.352,0.477,537.936,1.434,538.1,1.084,538.42,1.442,537.669,0.335,1100
2007,1,540.559,0.935,537.837,0.752,539.198,1.2,541.055,1.137,540.706,0.875,539.366,0.687,540.92,1.134,541.026,1.234,539.609,0.59,540.906,0.803,540.346,0.751,538.314,0.496,537.365,0.959,nan,nan,537.593,1.126,537.291,0.362,1100
2007,2,540.28,0.858,537.629,0.902,538.954,1.245,540.234,0.706,540.758,1.174,538.875,0.586,540.825,0.805,540.701,1.003,539.617,0.722,540.337,1.009,539.953,0.707,538.505,0.5,537.072,1.254,536.61,0.94,536.788,1.061,536.773,0.373,1100
2007,3,540.025,0.818,537.638,0.836,538.832,1.169,540.693,1.276,540.061,1.201,539.179,0.457,540.448,0.747,540.583,0.976,539.204,0.613,540.179,0.915,539.679,0.709,538.658,0.515,536.859,1.108,nan,nan,536.21,1.131,536.134,0.462,1100
2007,4,539.841,1.06,536.92,0.657,538.38,1.247,540.938,0.763,539.243,1.044,539.693,0.508,540.409,1.278,540.412,1.235,538.887,0.553,539.77,1.065,539.568,1.032,538.196,0.509,536.305,0.508,534.63,1.373,535.677,0.886,535.724,0.457,1100
2007,5,539.69,1.087,536.602,0.692,538.146,1.289,539.919,0.806,538.46,1.028,539.714,0.447,540.27,1.86,540.296,0.717,538.644,0.635,539.896,0.71,539.351,0.664,537.589,0.486,535.338,0.855,538.59,0.802,535.032,0.925,535.4,0.418,1100
2007,6,539,0.732,535.997,0.831,537.498,1.108,538.945,0.566,538.175,0.772,538.698,0.378,539.133,0.797,539.507,0.913,538.361,0.534,539.239,0.805,538.954,0.6,536.9,0.477,535.058,1.082,536.76,0.735,534.69,1.266,535.038,0.756,1100
2007,7,538.666,0.873,535.787,0.714,537.227,1.128,539.352,1.069,537.699,1.273,538.151,0.333,538.505,0.879,538.991,0.783,538.315,0.513,539.016,1.282,538.803,0.567,536.478,0.44,535.308,0.718,nan,nan,534.689,1.651,534.63,0.649,1100
2007,8,538.437,0.911,536.025,0.781,537.231,1.2,539.357,0.877,537.647,0.89,538.11,0.543,538.139,1.125,539.142,0.778,538.433,0.453,538.454,1.118,538.393,0.823,536.681,0.493,535.529,0.638,536.457,1.796,535.013,0.878,534.485,0.711,1100
2007,9,538.571,0.9,536.169,0.758,537.37,1.177,538.779,1.804,538.363,1.012,538.008,0.508,538.332,0.998,539.71,1.015,538.201,0.458,538.643,0.712,538.344,1.022,536.82,0.527,535.831,0.714,nan,nan,535.193,1.77,534.345,0.617,1100
2007,10,538.472,1.232,536.318,0.764,537.395,1.449,538.287,1.788,538.98,0.637,537.982,0.501,538.327,0.943,538.634,1.36,537.756,0.593,538.901,1.27,538.701,1.806,536.929,0.528,536.059,0.933,nan,nan,535.339,1.138,534.342,0.635,1100
2007,11,538.333,0.994,535.886,0.935,537.109,1.365,538.586,0.998,538.93,0.691,538.192,0.475,538.377,0.882,537.796,0.983,537.411,0.646,538.91,1.161,538.759,1.289,536.709,0.54,535.523,1.15,534.65,1.363,535.129,1.314,534.526,0.457,1100
2007,12,537.94,1.192,535.898,1.045,536.919,1.585,538.541,1.229,538.73,1.104,537.984,0.415,537.937,1.774,538.159,1.158,537.183,0.695,538.002,1.186,538.09,0.622,536.796,0.53,535.086,1.431,nan,nan,534.992,1.555,534.928,0.363,1100
2008,1,537.792,1.128,535.941,1.059,536.866,1.547,538.29,1.569,538.614,0.761,537.149,0.454,537.827,1.177,538.718,1.537,536.967,0.572,537.836,1.272,537.557,0.978,536.78,0.585,535.175,1.391,536.39,1.645,534.513,0.909,535.043,0.408,1100
2008,2,537.436,1.47,535.654,0.975,536.545,1.764,538.108,1.152,538.163,0.778,536.751,0.453,537.352,2.408,538.159,1.33,536.778,0.531,537.52,1.322,537.352,0.812,536.544,0.553,534.991,1.318,nan,nan,534.327,1.335,534.341,0.501,1100
2008,3,537.198,1,534.801,1.032,535.999,1.437,538.224,1.329,537.864,0.903,537.398,0.396,537.222,1.041,537.709,1.505,536.483,0.572,537.204,0.998,537.052,0.769,535.952,0.613,533.801,1.13,534.518,2.093,533.863,0.894,533.489,0.599,1100
2008,4,537.095,1.019,534.36,1.197,535.728,1.572,537.553,0.959,537.414,0.904,537.764,0.45,537.658,0.928,537.244,1.359,536.217,0.656,536.908,1.234,536.903,0.935,535.637,0.526,533.298,1.773,533.78,1.259,533.522,0.874,532.804,0.766,1100
2008,5,536.784,0.753,534.292,0.782,535.538,1.085,537.482,0.95,536.33,1.114,537.308,0.424,537.147,0.538,536.77,0.727,535.915,0.374,537.014,0.727,536.726,1.118,535.442,0.524,533.313,1.014,nan,nan,533.341,1.037,532.467,0.423,1100
2008,6,536.331,0.946,534.152,0.868,535.241,1.284,536.413,0.807,535.693,1,536.693,0.41,535.973,1.002,536.777,1.039,535.818,0.395,536.533,1.053,536.686,1.078,535.1,0.511,533.482,0.894,533.56,1.726,533.649,1.121,532.417,0.576,1100
2008,7,535.869,0.843,534.054,0.613,534.962,1.042,536.07,0.93,535.311,0.544,536.455,0.454,535.103,0.917,536.357,0.799,535.918,0.369,535.884,1.025,536.362,0.956,534.758,0.512,533.504,0.709,nan,nan,533.413,0.81,532.716,0.427,1100
2008,8,535.992,0.762,534.407,0.807,535.2,1.11,535.867,0.723,535.344,0.678,535.767,0.492,535.77,0.748,536.034,0.707,536.048,0.433,535.839,0.834,536.55,0.991,534.69,0.507,533.936,0.752,536.91,1.475,533.315,1.451,532.55,0.51,1100
2008,9,536.038,0.765,534.358,1.053,535.198,1.302,536.138,0.676,535.292,0.984,535.262,0.483,536.078,0.589,535.671,1.014,535.658,0.459,536.208,0.805,536.745,0.886,534.795,0.563,533.71,1.362,536.73,1.648,533.355,1.011,532.469,0.618,1100
2008,10,535.978,0.885,534.279,0.789,535.128,1.186,536.172,1.762,535.516,0.893,535.29,0.4,535.911,1.068,535.881,0.777,535.362,0.524,536.235,0.786,536.617,0.986,534.892,0.543,533.702,0.714,535.39,1.584,532.988,1.04,532.84,0.671,1100
2008,11,535.964,1.297,534.248,0.759,535.106,1.503,537.251,1.454,535.141,0.903,535.931,0.413,535.517,2.344,536.559,0.578,535.446,0.468,536.254,0.865,536.251,0.736,535.021,0.529,533.738,0.95,nan,nan,532.684,1.026,533.164,0.599,1100
2008,12,536.121,0.887,534.263,0.95,535.192,1.3,537.068,1.361,535.271,1.071,535.866,0.424,535.749,0.575,537.23,1.137,535.433,0.562,536.501,1.218,536.036,0.782,535.28,0.514,533.613,0.933,533.81,2.269,532.31,0.603,533.267,0.4,1100
2009,1,535.899,1.201,534.198,0.907,535.048,1.505,536.512,1.328,535.509,0.903,535.392,0.459,535.998,1.829,536.689,1.141,534.972,0.599,536.053,1.05,535.881,0.866,535.327,0.6,533.439,1.093,533.74,1.188,532.231,1.302,533.024,0.543,1100
2009,2,535.661,0.882,534.143,1.087,534.902,1.4,535.785,0.842,535.377,1.089,535.04,0.427,536.161,1.138,536.168,0.962,534.613,0.55,535.727,0.764,535.595,0.801,535.163,0.58,533.564,1.466,nan,nan,532.026,1.604,532.225,0.574,1100
2009,3,535.247,1.014,533.514,0.938,534.38,1.381,535.673,0.973,534.692,0.804,535.41,0.423,535.67,1.204,535.532,1.245,534.219,0.56,535.435,1.219,535.168,0.693,534.769,0.593,532.681,1.338,nan,nan,531.584,0.544,531.117,0.363,1100
2009,4,534.683,0.928,532.973,0.858,533.828,1.264,535.417,0.955,534.084,0.988,535.31,0.398,534.936,0.938,534.554,1.441,533.784,0.577,535.08,0.783,534.72,0.823,534.32,0.58,531.975,0.968,533.89,1.224,530.118,1.383,530.498,0.364,1100
2009,5,534.319,0.825,532.442,0.766,533.381,1.125,534.269,0.939,533.608,0.775,534.451,0.351,534.564,0.837,534.202,0.667,533.569,0.445,534.514,1,534.644,1.019,533.719,0.497,531.691,0.866,532.25,1.315,530.056,0.946,530.189,0.366,1100
2009,6,533.799,0.77,531.885,0.658,532.842,1.013,533.273,0.71,533.345,0.722,533.438,0.31,533.315,0.568,534.07,1.099,533.613,0.312,534.124,0.835,534.25,0.938,532.912,0.603,531.168,0.759,nan,nan,530.212,0.664,530.237,0.329,1100
2009,7,533.387,0.868,531.285,0.776,532.336,1.165,533.117,0.798,533.034,0.706,533.133,0.378,532.594,0.911,533.52,1.122,533.388,0.401,533.865,1.05,533.967,0.77,532.303,0.649,530.564,0.886,530.35,1.102,530.211,0.702,530.449,0.332,1100
2009,8,533.182,0.935,531.421,0.913,532.301,1.307,533.459,0.822,532.571,0.705,532.705,0.441,532.514,1.134,532.858,0.823,533.237,0.507,533.625,1.142,534.012,0.911,532.291,0.712,530.763,1.123,531.37,0.975,529.859,1.132,530.553,0.34,1100
2009,9,533.089,0.802,531.264,0.88,532.176,1.191,533.557,1.258,532.551,0.594,532.327,0.406,532.835,0.591,532.974,0.811,532.853,0.416,533.215,0.941,533.81,1.107,532.102,0.835,530.566,0.862,531.47,1.343,529.906,0.801,530.26,0.418,1100
2009,10,532.878,0.744,531.068,1.079,531.973,1.311,533.525,0.881,532.799,0.636,532.539,0.307,532.763,0.529,532.705,0.91,532.651,0.671,532.876,0.878,533.382,0.816,531.771,0.869,530.461,1.39,nan,nan,530.295,0.778,530.202,0.581,1100
2009,11,532.923,0.819,531.001,1.051,531.962,1.333,533.555,0.948,532.777,0.649,533.331,0.398,532.686,0.935,532.78,0.887,532.422,0.608,533.193,0.865,533.357,0.797,531.559,0.773,530.528,1.246,531.096,0.983,530.341,1.755,530.178,0.586,1100
2009,12,532.827,1.009,530.848,0.873,531.838,1.334,533.58,1.019,532.466,0.673,533.26,0.432,532.553,1.222,532.792,1.009,532.458,0.664,532.922,1.105,533.316,0.996,531.903,0.842,530.42,0.792,529.08,1.137,529.056,1.261,530.036,0.499,1100
2010,1,532.712,1.092,530.574,1.137,531.643,1.577,533.388,0.956,531.737,0.638,532.648,0.642,532.715,1.386,533.078,1.394,532.2,0.759,532.101,0.78,533.6,1.06,531.335,0.834,529.924,1.31,531.099,1.16,528.969,2.029,529.664,0.375,1100
2010,2,532.582,1.079,530.496,1.509,531.539,1.855,533.338,1.025,531.224,0.61,532.135,0.869,532.209,1.193,532.878,0.787,532.248,0.687,532.45,1.372,533.539,1.176,531.162,1.232,529.993,1.45,nan,nan,529.812,3.204,529.213,0.516,1100
2010,3,532.294,1.154,530.426,0.973,531.36,1.51,533.583,1.073,531.331,0.653,532.194,0.758,531.361,1.415,532.669,1.213,531.859,0.837,532.702,1.214,533.232,1.058,531.129,0.873,530.018,1.104,nan,nan,529.473,1.198,528.609,0.462,1100
2010,4,531.646,1.237,530.124,0.864,530.885,1.509,532.804,0.933,531.563,0.479,531.822,0.755,530.911,1.663,531.732,1.404,531.249,0.591,532.112,1.019,532.232,1.274,531.219,0.399,529.266,1.188,530.81,1.153,527.974,0.953,528.296,0.452,1100
2010,5,531.167,0.826,529.524,0.847,530.345,1.183,532.132,0.86,531.113,0.558,531.395,0.65,531.239,0.744,530.773,0.901,530.794,0.686,530.796,0.819,531.934,1.03,530.603,0.413,528.474,1.221,530.36,0.872,527.882,0.86,528.157,0.431,1100
2010,6,530.925,1.144,529.207,0.784,530.066,1.387,531.568,1.109,530.796,0.659,531.098,0.655,531.059,0.98,530.231,1.115,530.62,0.469,530.933,1.315,531.481,1.631,530.136,0.637,528.404,0.99,nan,nan,528.117,0.638,528.158,0.521,1100
2010,7,530.566,0.93,528.977,0.826,529.771,1.244,530.419,0.919,530.302,0.495,530.765,0.761,530.416,1.098,530.423,0.931,530.381,0.61,530.516,0.754,531.094,1.151,529.478,0.757,528.664,0.856,nan,nan,527.85,1.247,528.299,0.516,1100
2010,8,530.029,0.811,528.686,0.653,529.357,1.041,529.394,0.941,529.932,0.585,529.973,0.775,529.304,0.975,530.527,0.915,530.174,0.448,530.063,0.752,530.488,0.815,529.181,0.621,528.358,0.622,nan,nan,527.384,1.054,528.33,0.473,1100
2010,9,530.039,0.897,528.664,0.867,529.352,1.248,529.329,0.711,529.969,0.627,529.554,0.824,529.247,0.966,530.646,0.929,530.179,0.623,529.8,0.966,530.873,0.976,529.101,0.695,528.419,1.055,nan,nan,527.668,1.061,527.925,0.488,1100
2010,10,530.12,0.919,528.548,1.065,529.334,1.407,529.387,0.837,530.443,0.542,529.568,0.601,529.269,0.946,530.077,0.996,529.969,0.74,530.398,0.651,531.205,1.25,528.942,0.829,528.38,1.358,nan,nan,527.633,1.056,527.586,0.592,1100
2010,11,529.989,1.119,528.25,0.94,529.119,1.461,529.5,1.181,530.652,0.518,529.771,0.631,529.656,1.326,529.749,1.169,529.875,0.63,529.997,1.252,530.639,1.135,528.831,0.823,527.813,1.065,nan,nan,527.258,1.2,527.54,0.588,1100
2010,12,530.069,1.428,528.27,0.918,529.169,1.697,530.075,1.113,530.298,0.534,529.883,0.678,530.069,2.46,530.175,0.875,529.867,0.559,530.111,1.072,530.097,1.032,529.059,0.798,527.709,1.103,nan,nan,526.634,0.9,527.434,0.486,1100
2011,1,529.93,0.986,528.195,1.039,529.062,1.432,530.112,1.183,529.739,0.568,529.854,0.763,529.657,0.918,530.517,0.935,529.624,0.756,530.119,1.337,529.908,0.953,528.925,0.885,527.736,1.287,nan,nan,526.548,0.876,527.224,0.508,1100
2011,2,529.154,1.683,527.644,0.937,528.399,1.926,529.467,2.056,529.466,0.518,529.792,0.98,528.389,2.412,529.561,1.694,529.087,1.095,529.186,1.651,529.583,1.139,528.406,0.877,527.049,1.046,nan,nan,526.41,1.004,526.779,0.531,1100
2011,3,528.967,0.892,527.128,0.847,528.047,1.23,529.548,1.236,529.438,0.577,529.79,0.855,529.116,0.82,528.762,1.096,528.942,0.59,528.8,1.004,528.789,0.908,527.953,0.814,526.413,0.944,nan,nan,526.226,0.714,526.126,0.579,1100
2011,4,529.216,0.992,527.239,1.044,528.228,1.441,529.935,0.937,529.222,0.513,529.55,0.569,529.766,1.421,529.315,0.929,528.552,0.715,529.686,0.896,528.368,0.808,527.988,0.71,526.932,1.416,nan,nan,525.535,0.858,525.312,0.724,1100
2011,5,528.956,1.016,527.086,0.884,528.021,1.347,529.848,0.614,528.783,0.561,529.008,0.717,529.278,1.329,529.639,1.112,527.716,0.658,529.63,0.94,528.274,0.951,527.91,0.643,526.74,1.116,nan,nan,525.049,0.965,525.18,0.81,1100
2011,6,528.305,0.85,526.705,0.708,527.505,1.106,528.887,0.811,528.186,0.809,528.322,0.498,528.239,0.953,529.038,0.897,527.001,0.487,528.679,0.823,528.454,0.993,527.385,0.606,526.364,0.807,nan,nan,525.16,0.89,525.298,0.56,1100
2011,7,527.921,0.906,526.414,0.813,527.167,1.217,527.602,0.522,527.419,0.604,527.668,0.608,527.717,1.085,528.05,0.938,527.274,0.64,528.289,0.767,528.429,1.066,526.982,0.704,526.06,0.933,nan,nan,525.444,1.008,525.301,0.538,1100
2011,8,527.465,1.008,526.363,0.857,526.914,1.323,527.211,1.108,527.271,0.565,527.173,0.619,526.86,0.966,527.801,1.407,527.573,0.714,527.605,1.037,527.868,0.99,527.283,0.758,525.637,0.963,nan,nan,525.006,1.046,525.217,0.635,1100
2011,9,527.738,0.916,526.475,0.763,527.107,1.192,527.977,0.768,527.586,0.47,527.161,0.613,527.406,1.082,528.024,0.928,527.816,0.737,527.896,0.867,527.851,0.994,527.561,0.568,525.516,0.818,nan,nan,525.091,1.266,525.481,0.951,1100
2011,10,527.918,0.829,526.301,0.642,527.109,1.048,527.856,0.926,527.775,0.503,527.287,0.613,527.911,0.981,528.303,0.643,527.556,0.673,528.346,0.893,527.665,0.884,526.78,0.588,525.897,0.655,nan,nan,525.839,0.778,525.587,0.777,1100
2011,11,527.732,0.815,525.651,0.756,526.691,1.111,527.115,0.781,527.425,0.565,527.293,0.869,527.604,0.733,528.208,1.114,527.403,0.773,528.131,0.762,527.601,0.747,525.976,0.551,525.306,0.908,nan,nan,526.026,1.013,524.83,0.772,1100
2011,12,527.352,1.211,525.187,0.892,526.27,1.504,527.482,0.656,527.179,0.564,527.073,0.742,527.121,1.573,528.274,0.58,527.155,0.913,527.376,1.657,527.133,0.938,525.934,0.568,524.479,1.118,nan,nan,525.115,1.357,523.834,0.728,1100
2012,1,527.318,1.175,525.498,1.174,526.408,1.661,527.693,0.779,527.297,0.459,526.971,0.659,527.088,1.13,528.22,1.417,526.69,0.969,527.443,1.064,527.324,1.465,526.225,0.632,525.076,1.681,nan,nan,524.655,1.056,523.466,0.725,1100
2012,2,526.861,1.242,525.711,1.17,526.286,1.706,527.341,1.714,527.151,0.486,526.96,0.775,526.671,1.607,527.714,1.537,526.117,0.478,526.901,1.149,526.858,1.105,526.443,0.777,525.49,1.61,nan,nan,523.953,1.056,523.453,0.466,1100
2012,3,526.578,1.005,525.19,0.76,525.884,1.26,527.204,0.631,526.853,0.443,527,0.895,526.258,0.587,527.109,1.371,525.924,0.698,526.818,1.395,526.639,0.963,526.308,0.727,524.509,0.84,nan,nan,523.202,0.783,522.989,0.414,1100
2012,4,526.3,0.881,524.356,0.725,525.328,1.141,527.051,0.831,526.8,0.556,526.69,0.772,526.013,1.042,526.759,0.82,525.742,0.822,526.385,0.833,526.399,0.883,525.56,0.548,523.522,0.856,nan,nan,522.532,0.936,522.228,0.78,1100
2012,5,525.857,1.078,524.005,0.834,524.931,1.362,526.45,0.92,526.211,0.638,526.305,0.646,525.361,1.148,526.039,0.701,525.11,0.611,526.155,1.466,526.417,1.228,524.859,0.463,523.446,0.955,nan,nan,522.797,1.776,522.219,0.587,1100
2012,6,525.072,0.866,523.738,0.782,524.405,1.167,525.213,0.981,524.59,0.6,525.454,0.539,524.275,0.807,525.393,0.791,524.729,0.657,525.573,0.932,525.605,1.13,524.314,0.475,523.341,1.028,nan,nan,522.825,0.956,522.76,0.757,1100
2012,7,524.366,1.217,523.636,0.678,524.001,1.393,524.275,0.642,523.589,0.638,524.457,0.632,523.95,1.491,524.145,1.901,524.413,0.817,524.832,0.898,524.72,0.862,524.093,0.476,523.316,0.755,nan,nan,522.561,1.046,523.272,0.926,1100
2012,8,524.301,0.984,523.671,0.688,523.986,1.2,523.846,0.875,524.459,0.682,523.691,0.817,523.993,1.492,523.984,0.817,524.229,0.706,524.638,0.726,524.812,0.793,523.999,0.481,523.517,0.832,nan,nan,522.572,0.854,523.321,0.846,1100
2012,9,524.576,0.956,523.674,0.803,524.125,1.249,523.794,0.844,525.339,0.555,523.852,0.822,523.652,0.919,524.427,0.836,524.131,0.644,525.3,1.08,525.578,1.238,523.828,0.618,523.643,0.87,nan,nan,523.368,1.338,523.037,0.838,1100
2012,10,524.545,1.031,523.202,0.84,523.873,1.33,523.8,0.865,525.743,1.632,524.439,0.643,523.487,1.096,524.628,0.975,524.107,0.764,525.093,1.122,525.467,1.004,523.317,0.956,523.052,0.487,nan,nan,523.614,1.34,522.762,0.831,1100
2012,11,524.374,0.921,522.679,0.813,523.527,1.229,524.062,0.763,524.973,0.576,524.899,0.707,523.749,1.035,524.071,1.198,524.065,0.867,524.673,0.72,525.144,0.85,522.737,0.594,522.685,1.027,nan,nan,522.385,0.967,522.534,0.602,1100
2012,12,524.547,0.901,522.285,0.734,523.416,1.162,524.036,1.012,523.731,0.403,524.583,0.653,524.001,1.06,524.496,0.81,523.999,1.136,524.704,0.872,525.783,0.638,522.32,0.612,522.421,0.822,nan,nan,521.285,0.915,522.318,0.798,1100
2013,1,524.552,0.817,522.255,0.776,523.403,1.127,524.367,0.934,522.85,0.358,524.047,0.517,524.485,0.641,524.758,1.035,523.725,0.825,524.19,1.076,526.001,0.599,522.729,0.542,521.887,1.044,nan,nan,521.29,0.533,521.909,0.63,1100
2013,2,524.078,0.813,521.988,1.02,523.033,1.304,524.614,0.765,523.035,0.418,523.974,0.555,524.084,0.803,524.5,0.665,523.32,0.907,523.746,0.991,524.876,0.768,522.577,0.541,521.414,0.959,nan,nan,521.414,2.688,521.573,0.771,1100
2013,3,523.586,0.76,521.686,0.651,522.636,1.001,524.326,0.938,522.649,0.419,523.93,0.517,523.257,0.823,524.06,0.71,523.071,0.709,523.942,0.735,523.737,0.86,521.947,0.605,521.526,0.723,nan,nan,521.385,0.569,521.009,0.62,1100
2013,4,523.178,0.798,521.356,0.863,522.267,1.175,523.787,0.508,522.236,0.375,523.743,0.725,522.754,0.853,523.701,0.824,522.558,0.669,523.767,0.787,523.228,0.906,521.484,0.728,521.323,0.639,nan,nan,521.244,2.1,520.715,0.561,1100
2013,5,522.922,1.045,521.219,0.862,522.071,1.355,524.529,1.123,522.118,0.405,523.377,0.465,522.527,1.704,523.483,0.668,522.068,0.474,523.535,0.898,522.975,0.824,521.667,0.44,520.83,1.223,nan,nan,520.853,0.946,520.557,0.537,1100
2013,6,522.531,0.717,520.968,0.549,521.75,0.903,523.963,1.347,522.024,0.825,523.068,0.638,521.898,0.588,522.635,0.655,521.906,0.396,523.414,0.738,522.729,0.959,521.45,0.52,520.555,0.495,nan,nan,520.206,0.904,520.617,0.545,1100
2013,7,522.189,0.868,521.054,0.597,521.621,1.053,522.654,0.961,521.474,0.7,522.282,0.484,521.699,0.996,521.958,0.782,521.818,0.555,522.867,1.044,522.708,0.863,521.325,0.584,520.92,0.502,nan,nan,520.596,1.032,520.31,0.561,1100
2013,8,522.001,0.773,520.813,0.636,521.407,1.002,521.234,1.062,521.514,0.652,521.128,0.506,521.335,0.753,522.126,0.87,521.607,0.445,522.48,0.752,522.957,0.966,520.839,0.482,521.003,0.764,nan,nan,520.641,0.831,519.693,0.579,1100
2013,9,521.959,0.775,520.474,0.704,521.216,1.047,520.779,0.83,521.798,0.487,520.49,0.53,520.948,0.55,522.844,0.812,521.389,0.482,522.624,0.883,522.805,1.092,520.625,0.653,520.582,0.786,nan,nan,519.822,0.787,519.424,0.416,1100
2013,10,521.794,0.932,520.243,0.735,521.018,1.187,520.943,0.922,521.14,0.483,520.794,0.708,521.47,0.679,522.76,1.243,521.103,0.526,522.057,1.256,522.173,0.916,520.149,0.659,520.668,0.782,nan,nan,518.985,1.123,519.834,0.37,1100
2013,11,521.4,0.864,520.036,0.707,520.718,1.116,521.564,0.624,520.157,0.513,521.124,0.635,520.964,1.02,521.931,1.069,520.913,0.427,521.945,0.834,521.692,0.881,519.953,0.673,520.1,0.751,nan,nan,520.381,0.866,519.909,0.445,1100
2013,12,521.006,0.845,519.346,0.768,520.176,1.142,521.565,0.779,520.198,0.448,521.305,0.64,520.861,1.085,521.696,0.733,520.644,0.774,520.963,0.768,521.028,0.821,519.199,0.784,519.561,0.763,nan,nan,519.569,0.932,518.951,0.394,1100
2014,1,520.451,0.865,519.015,0.504,519.733,1.001,nan,nan,520.797,1.738,521.42,0.536,nan,nan,nan,nan,520.115,0.457,nan,nan,520.431,0.899,519.078,0.53,nan,nan,nan,nan,nan,nan,518.551,0.242,100
2014,2,520.22,1.157,519.012,0.426,519.616,1.233,nan,nan,520.854,1.589,521.37,0.402,nan,nan,nan,nan,519.714,0.24,nan,nan,520.236,1.548,519.058,0.419,nan,nan,nan,nan,nan,nan,518.668,0.477,100
2014,3,520.152,0.761,518.489,0.501,519.32,0.911,nan,nan,520.477,1.511,521.141,0.409,nan,nan,nan,nan,519.613,0.226,nan,nan,520.296,0.859,518.446,0.498,nan,nan,nan,nan,nan,nan,518.807,0.519,100
2014,4,519.926,0.834,517.169,0.603,518.547,1.029,nan,nan,520.11,1.372,521.284,0.507,nan,nan,nan,nan,519.426,0.249,nan,nan,519.985,1.027,517.053,0.621,nan,nan,nan,nan,nan,nan,518.036,0.447,100
2014,5,519.655,0.773,516.749,0.715,518.202,1.053,nan,nan,519.63,0.958,521.267,0.528,nan,nan,nan,nan,519.226,0.243,nan,nan,519.644,1.019,516.666,0.751,nan,nan,nan,nan,nan,nan,517.368,0.336,100
2014,6,519.481,0.873,517.412,0.714,518.447,1.128,nan,nan,519.493,1.026,520.898,0.602,nan,nan,nan,nan,519.031,0.241,nan,nan,519.524,1.168,517.426,0.749,nan,nan,nan,nan,nan,nan,517.308,0.359,100
2014,7,519.283,0.619,518.148,0.379,518.716,0.726,nan,nan,519.063,1.194,520.174,0.488,nan,nan,nan,nan,518.759,0.591,nan,nan,519.553,0.471,518.206,0.358,nan,nan,nan,nan,nan,nan,517.721,0.509,100
2014,8,519.133,0.608,518.262,0.372,518.698,0.712,nan,nan,518.809,1.405,519.918,0.657,nan,nan,nan,nan,518.762,0.527,nan,nan,519.325,0.297,518.385,0.332,nan,nan,nan,nan,nan,nan,517.349,0.586,100
2014,9,519.028,0.628,517.167,0.326,518.097,0.708,nan,nan,518.799,1.351,519.789,0.753,nan,nan,nan,nan,518.865,0.585,nan,nan,519.036,0.306,517.182,0.325,nan,nan,nan,nan,nan,nan,517.05,0.338,100
2014,10,518.98,0.657,516.123,0.34,517.552,0.739,nan,nan,519.252,1.24,519.364,0.824,nan,nan,nan,nan,518.726,0.677,nan,nan,519.041,0.343,516.017,0.343,nan,nan,nan,nan,nan,nan,516.915,0.319,100
2014,11,518.603,0.889,515.286,0.348,516.945,0.954,nan,nan,518.966,1.409,518.81,1.101,nan,nan,nan,nan,518.215,1.08,nan,nan,518.793,0.365,515.136,0.364,nan,nan,nan,nan,nan,nan,516.408,0.194,100
2014,12,518.289,0.904,515.179,0.34,516.734,0.966,nan,nan,518.335,1.656,519.038,1.227,nan,nan,nan,nan,517.83,0.986,nan,nan,518.482,0.353,515.088,0.358,nan,nan,nan,nan,nan,nan,515.859,0.151,100
2015,1,517.998,0.908,515.266,0.325,516.632,0.965,nan,nan,518.376,1.678,519.174,0.972,nan,nan,nan,nan,517.417,1.088,nan,nan,518.123,0.291,515.214,0.341,nan,nan,nan,nan,nan,nan,515.655,0.157,100
2015,2,517.709,0.847,515.265,0.312,516.487,0.902,nan,nan,518.398,1.436,519.006,0.795,nan,nan,nan,nan,517.099,1.071,nan,nan,517.764,0.318,515.264,0.327,nan,nan,nan,nan,nan,nan,515.265,0.163,100
2015,3,517.281,0.787,514.75,0.332,516.016,0.854,nan,nan,517.651,1.393,518.633,0.657,nan,nan,nan,nan,516.829,0.963,nan,nan,517.263,0.363,514.722,0.35,nan,nan,nan,nan,nan,nan,514.952,0.126,100
2015,4,517.201,0.719,514.229,0.281,515.715,0.772,nan,nan,517.541,1.222,518.452,0.54,nan,nan,nan,nan,516.871,0.858,nan,nan,517.113,0.428,514.129,0.295,nan,nan,nan,nan,nan,nan,514.974,0.125,100
2015,5,517.169,0.937,514.082,0.261,515.625,0.973,nan,nan,518.202,0.939,518.593,0.554,nan,nan,nan,nan,516.976,0.833,nan,nan,516.783,1.076,513.993,0.274,nan,nan,nan,nan,nan,nan,514.746,0.128,100
2015,6,516.938,0.985,514.327,0.246,515.632,1.016,nan,nan,519.532,0.75,518.007,0.502,nan,nan,nan,nan,516.442,1.019,nan,nan,516.546,1.08,514.301,0.256,nan,nan,nan,nan,nan,nan,514.521,0.143,100
2015,7,516.232,0.639,514.62,0.269,515.426,0.693,nan,nan,518.982,0.847,516.907,0.54,nan,nan,nan,nan,515.506,0.755,nan,nan,516.083,0.487,514.629,0.282,nan,nan,nan,nan,nan,nan,514.555,0.151,100
2015,8,515.569,0.636,514.585,0.263,515.077,0.689,nan,nan,517.438,0.885,516.186,0.601,nan,nan,nan,nan,514.918,0.71,nan,nan,515.56,0.504,514.579,0.274,nan,nan,nan,nan,nan,nan,514.629,0.164,100
2015,9,515.204,0.527,514.15,0.249,514.677,0.583,nan,nan,516.185,0.749,515.991,0.584,nan,nan,nan,nan,514.998,0.641,nan,nan,514.983,0.307,514.129,0.259,nan,nan,nan,nan,nan,nan,514.309,0.161,100
2015,10,515.241,0.849,513.569,0.257,514.405,0.887,nan,nan,516.645,0.572,515.52,0.537,nan,nan,nan,nan,515.3,1.268,nan,nan,514.831,0.428,513.533,0.268,nan,nan,nan,nan,nan,nan,513.833,0.14,100
2015,11,515.179,0.557,513.297,0.252,514.238,0.611,nan,nan,517.085,0.48,514.79,0.68,nan,nan,nan,nan,515.176,0.63,nan,nan,514.865,0.47,513.27,0.263,nan,nan,nan,nan,nan,nan,513.492,0.137,100
2015,12,514.921,0.63,513.396,0.227,514.158,0.669,nan,nan,516.262,0.464,514.223,0.66,nan,nan,nan,nan,514.541,0.73,nan,nan,515.103,0.561,513.418,0.239,nan,nan,nan,nan,nan,nan,513.228,0.113,100
2016,1,514.479,0.712,513.294,0.233,513.887,0.749,nan,nan,514.723,1.555,514.152,0.221,nan,nan,nan,nan,513.691,0.677,nan,nan,515.142,0.494,513.36,0.244,nan,nan,nan,nan,nan,nan,512.809,0.125,100
2016,2,513.978,1.319,513.183,0.238,513.581,1.34,nan,nan,514.654,0.327,514.493,0.268,nan,nan,nan,nan,513.041,2.015,nan,nan,514.478,0.762,513.24,0.25,nan,nan,nan,nan,nan,nan,512.762,0.124,100
2016,3,513.528,0.556,512.963,0.26,513.245,0.614,nan,nan,515.512,0.35,514.254,0.213,nan,nan,nan,nan,512.445,0.345,nan,nan,513.82,0.751,513.018,0.272,nan,nan,nan,nan,nan,nan,512.548,0.136,100
2016,4,513.31,0.597,512.708,0.264,513.009,0.653,nan,nan,514.656,0.376,513.733,0.201,nan,nan,nan,nan,512.648,0.301,nan,nan,513.466,0.83,512.825,0.278,nan,nan,nan,nan,nan,nan,511.836,0.122,100
2016,5,512.898,0.537,512.23,0.227,512.564,0.583,nan,nan,512.975,0.412,512.972,0.159,nan,nan,nan,nan,512.839,0.368,nan,nan,512.913,0.705,512.381,0.233,nan,nan,nan,nan,nan,nan,511.113,0.18,100
2016,6,512.06,0.429,511.912,0.231,511.986,0.488,nan,nan,511.229,0.394,512.385,0.212,nan,nan,nan,nan,512.041,0.149,nan,nan,512.179,0.595,511.993,0.24,nan,nan,nan,nan,nan,nan,511.31,0.15,100
2016,7,511.526,0.489,511.773,0.237,511.649,0.543,nan,nan,510.964,0.459,511.878,0.234,nan,nan,nan,nan,511.337,0.563,nan,nan,511.719,0.473,511.829,0.248,nan,nan,nan,nan,nan,nan,511.36,0.137,100
2016,8,511.514,0.405,511.688,0.298,511.601,0.503,nan,nan,511.919,0.822,511.301,0.187,nan,nan,nan,nan,511.516,0.201,nan,nan,511.474,0.431,511.735,0.311,nan,nan,nan,nan,nan,nan,511.331,0.163,100
2016,9,511.775,0.376,511.384,0.256,511.579,0.455,nan,nan,514.014,0.574,510.981,0.186,nan,nan,nan,nan,511.988,0.308,nan,nan,511.306,0.405,511.408,0.267,nan,nan,nan,nan,nan,nan,511.203,0.145,100
2016,10,511.725,0.444,511.012,0.262,511.368,0.516,nan,nan,513.468,0.82,511.235,0.218,nan,nan,nan,nan,511.852,0.317,nan,nan,511.362,0.456,511.077,0.275,nan,nan,nan,nan,nan,nan,510.528,0.131,100
2016,11,511.619,0.571,510.809,0.272,511.214,0.632,nan,nan,513.542,0.908,511.615,0.218,nan,nan,nan,nan,511.757,0.434,nan,nan,511.099,0.629,510.917,0.286,nan,nan,nan,nan,nan,nan,510.004,0.127,100
2016,12,511.359,0.459,510.783,0.292,511.071,0.544,nan,nan,513.322,1.02,511.587,0.261,nan,nan,nan,nan,511.544,0.103,nan,nan,510.741,0.479,510.807,0.306,nan,nan,nan,nan,nan,nan,510.598,0.144,100
2017,1,511.079,0.414,510.905,0.294,510.992,0.508,nan,nan,513.693,0.622,511.127,0.276,nan,nan,nan,nan,511.393,0.123,nan,nan,510.258,0.524,510.884,0.306,nan,nan,nan,nan,nan,nan,511.06,0.187,100
2017,2,510.699,0.673,510.609,0.273,510.654,0.726,nan,nan,512.53,0.597,510.877,0.332,nan,nan,nan,nan,511.152,0.154,nan,nan,509.901,0.949,510.612,0.283,nan,nan,nan,nan,nan,nan,510.586,0.189,100
2017,3,510.54,0.468,510.022,0.266,510.281,0.539,nan,nan,512.254,0.601,510.942,0.253,nan,nan,nan,nan,511.105,0.217,nan,nan,509.625,0.603,509.976,0.266,nan,nan,nan,nan,nan,nan,510.358,0.262,100
2017,4,510.216,0.436,509.492,0.296,509.854,0.527,nan,nan,510.874,0.538,510.669,0.235,nan,nan,nan,nan,511.118,0.23,nan,nan,509.24,0.558,509.474,0.293,nan,nan,nan,nan,nan,nan,509.619,0.322,100
2017,5,509.745,0.421,509.211,0.302,509.478,0.518,nan,nan,508.273,0.639,509.843,0.226,nan,nan,nan,nan,511.341,0.254,nan,nan,508.739,0.498,509.226,0.303,nan,nan,nan,nan,nan,nan,509.098,0.297,100
2017,6,509.496,0.552,nan,nan,nan,nan,nan,nan,507.462,0.694,509.044,0.215,nan,nan,nan,nan,511.235,0.229,nan,nan,508.619,0.728,508.971,0.402,nan,nan,nan,nan,nan,nan,nan,nan,100
2017,7,508.841,0.531,nan,nan,nan,nan,nan,nan,507.222,0.675,508.588,0.309,nan,nan,nan,nan,510.053,0.135,nan,nan,508.259,0.709,509.119,0.233,nan,nan,nan,nan,nan,nan,nan,nan,100
2017,8,508.188,0.469,nan,nan,nan,nan,nan,nan,nan,nan,508.18,0.223,nan,nan,nan,nan,510.074,0.264,nan,nan,506.659,0.617,508.598,0.252,nan,nan,nan,nan,nan,nan,nan,nan,100
2017,9,508.614,0.473,nan,nan,nan,nan,nan,nan,nan,nan,507.885,0.184,nan,nan,nan,nan,511.115,0.445,nan,nan,506.749,0.536,508.608,0.234,nan,nan,nan,nan,nan,nan,nan,nan,100